name,diet,period,lived_in,type,length,taxonomy,named_by,species,link,time_period,time_span,continent,legs
aardonyx,herbivorous,Early Jurassic 199-189 million years ago,South Africa,sauropod,8.0,Dinosauria Saurischia Sauropodomorpha Prosauropoda Anchisauria,Yates Bonnan Neveling Chinsamy and Blackbeard 2010 (2009),celestae,https://www.nhm.ac.uk/discover/dino-directory/aardonyx.html,Jurassic,10.0,Africa,4
abelisaurus,carnivorous,Late Cretaceous 74-70 million years ago,Argentina,large theropod,9.0,Dinosauria Saurischia Theropoda Neotheropoda Ceratosauria Neoceratosauria Abelisauridae Abelisaurinae,Bonaparte and Novas (1985),comahuensis,https://www.nhm.ac.uk/discover/dino-directory/abelisaurus.html,Cretaceous,4.0,South America,2
achelousaurus,herbivorous,Late Cretaceous 83-70 million years ago,USA,ceratopsian,6.0,Dinosauria Ornithischia Genasauria Cerapoda Marginocephalia Ceratopsia Neoceratopsia Coronosauria Ceratopsidae Centrosaurinae,Sampson  (1995),horneri,https://www.nhm.ac.uk/discover/dino-directory/achelousaurus.html,Cretaceous,13.0,North America,4
achillobator,carnivorous,Late Cretaceous 99-84 million years ago,Mongolia,large theropod,5.0,Dinosauria Saurischia Theropoda Neotheropoda Tetanurae Avetheropoda Coelurosauria Tyrannoraptora Maniraptoriformes Maniraptora Paraves Eumaniraptora Dromaeosauridae,Perle Norell and Clark (1999),giganteus,https://www.nhm.ac.uk/discover/dino-directory/achillobator.html,Cretaceous,15.0,Asia,2
acrocanthosaurus,carnivorous,Early Cretaceous 115-105 million years ago,USA,large theropod,12.0,Dinosauria Saurischia Theropoda Neotheropoda Tetanurae Avetheropoda Carnosauria Allosauroidea Carcharodontosauridae,Stovall and Langston (1950),atokensis,https://www.nhm.ac.uk/discover/dino-directory/acrocanthosaurus.html,Cretaceous,10.0,North America,2
aegyptosaurus,herbivorous,Late Cretaceous 98-93 million years ago,Egypt,sauropod,15.0,Dinosauria Saurischia Sauropodomorpha Sauropoda Eusauropoda Neosauropoda Macronaria Camarasauromorpha Titanosauriformes Titanosauria,Stromer (1932),baharijensis,https://www.nhm.ac.uk/discover/dino-directory/aegyptosaurus.html,Cretaceous,5.0,Africa,4
afrovenator,carnivorous,Early Cretaceous 132-121 million years ago,Niger,large theropod,9.0,Dinosauria Saurischia Theropoda Neotheropoda Tetanurae Spinosauroidea Megalosauridae Eustreptospondylinae,Sereno Wilson Larsson Dutheil and Sues (1944),abakensis,https://www.nhm.ac.uk/discover/dino-directory/afrovenator.html,Cretaceous,11.0,Africa,2
agilisaurus,herbivorous,Late Jurassic 169-159 million years ago,China,euornithopod,1.5,Dinosauria Ornithischia Genasauria Cerapoda Ornithopoda Euornithopoda,Peng (1990),louderbacki,https://www.nhm.ac.uk/discover/dino-directory/agilisaurus.html,Jurassic,10.0,Asia,2
alamosaurus,herbivorous,Late Cretaceous 70-65 million years ago,USA,sauropod,21.0,Dinosauria Saurischia Sauropodomorpha Sauropoda Eusauropoda Neosauropoda Macronaria Camarasauromorpha Titanosauriformes Titanosauria Lithostrotia,Gilmore (1922),sanjuanensis,https://www.nhm.ac.uk/discover/dino-directory/alamosaurus.html,Cretaceous,5.0,North America,4
albertaceratops,herbivorous,Late Cretaceous 80-75 million years ago,USA,ceratopsian,7.0,Dinosauria Ornithischia,Ryan 2007,nesmoi,https://www.nhm.ac.uk/discover/dino-directory/albertaceratops.html,Cretaceous,5.0,North America,4
albertosaurus,carnivorous,Late Cretaceous 76-74 million years ago,Canada,large theropod,9.0,Dinosauria Saurischia Theropoda Neotheropoda Tetanurae Avetheropoda Coelurosauria Tyrannoraptora Tyrannosauroidea Tyrannosauridae Albertosaurinae,Lamb (1914),libratus,https://www.nhm.ac.uk/discover/dino-directory/albertosaurus.html,Cretaceous,2.0,North America,2
alectrosaurus,carnivorous,Late Cretaceous 90-70 million years ago,Mongolia,large theropod,5.0,Dinosauria Saurischia Theropoda Neotheropoda Tetanurae Avetheropoda Coelurosauria Tyrannoraptora Tyrannosauroidea,Gilmore (1933),olseni,https://www.nhm.ac.uk/discover/dino-directory/alectrosaurus.html,Cretaceous,20.0,Asia,2
alioramus,carnivorous,Late Cretaceous 71-65 million years ago,Mongolia,large theropod,6.0,Dinosauria Saurischia Theropoda Neotheropoda Tetanurae Avetheropoda Coelurosauria Tyrannoraptora Tyrannosauroidea,Kurzanov (1976),remotus,https://www.nhm.ac.uk/discover/dino-directory/alioramus.html,Cretaceous,6.0,Asia,2
allosaurus,carnivorous,Late Jurassic 156-144 million years ago,USA,large theropod,12.0,Dinosauria Saurischia Theropoda Neotheropoda Tetanurae Avetheropoda Carnosauria Allosauroidea Allosauridae,Marsh (1877),fragilis,https://www.nhm.ac.uk/discover/dino-directory/allosaurus.html,Jurassic,12.0,North America,2
alvarezsaurus,carnivorous,Late Cretaceous 89-85 million years ago,Argentina,small theropod,2.0,Dinosauria Saurischia Theropoda Neotheropoda Tetanurae Avetheropoda Coelurosauria Tyrannoraptora Maniraptoriformes Maniraptora Alvarezsauridae,Bonaparte (1991),calvoi,https://www.nhm.ac.uk/discover/dino-directory/alvarezsaurus.html,Cretaceous,4.0,South America,2
amargasaurus,herbivorous,Early Cretaceous 132-127 million years ago,Argentina,sauropod,12.0,Dinosauria Saurischia Sauropodomorpha Sauropoda Eusauropoda Neosauropoda Diplodocoidea Dicraeosauridae,Salgado and Bonaparte (1991),cazaui,https://www.nhm.ac.uk/discover/dino-directory/amargasaurus.html,Cretaceous,5.0,South America,4
ammosaurus,herbivorous,Early Jurassic 195-180 million years ago,USA,sauropod,5.0,Dinosauria Saurischia Sauropodomorpha Prosauropoda Anchisauria Anchisauridae,Marsh (1891),major,https://www.nhm.ac.uk/discover/dino-directory/ammosaurus.html,Jurassic,15.0,North America,4
ampelosaurus,herbivorous,Late Cretaceous 71-65 million years ago,France,sauropod,15.0,Dinosauria Saurischia Sauropodomorpha Sauropoda Eusauropoda Neosauropoda Macronaria Camarasauromorpha Titanosauriformes Titanosauria Lithostrotia,Le Loeuff (1995),atacis,https://www.nhm.ac.uk/discover/dino-directory/ampelosaurus.html,Cretaceous,6.0,Europe,4
amygdalodon,herbivorous,Mid Jurassic 177-169 million years ago,Argentina,sauropod,15.0,Dinosauria Saurischia Sauropodomorpha Sauropoda Eusauropoda,Cabrera (1947),patagonicus,https://www.nhm.ac.uk/discover/dino-directory/amygdalodon.html,Jurassic,8.0,South America,4
anchiceratops,herbivorous,Late Cretaceous 74-70 million years ago,Canada,ceratopsian,6.0,Dinosauria Ornithischia Genasauria Cerapoda Marginocephalia Ceratopsia Neoceratopsia Coronosauria Ceratopsidae Chasmosaurinae,Brown (1914),ornatus,https://www.nhm.ac.uk/discover/dino-directory/anchiceratops.html,Cretaceous,4.0,North America,4
ankylosaurus,herbivorous,Late Cretaceous 74-67 million years ago,USA,armoured dinosaur,7.0,Dinosauria Ornithischia Genasauria Thyreophora Ankylosauromorpha Ankylosauria Ankylosauridae,Brown (1908),magniventris,https://www.nhm.ac.uk/discover/dino-directory/ankylosaurus.html,Cretaceous,7.0,North America,2
anserimimus,carnivorous,Late Cretaceous 84-65 million years ago,Mongolia,large theropod,3.5,Dinosauria Saurischia Theropoda Neotheropoda Tetanurae Avetheropoda Coelurosauria Tyrannoraptora Maniraptoriformes Ornithomimosauria Ornithomimidae,Barsbold (1988),planinychus,https://www.nhm.ac.uk/discover/dino-directory/anserimimus.html,Cretaceous,19.0,Asia,2
antarctosaurus,herbivorous,Late Cretaceous 84-65 million years ago,Uruguay,sauropod,18.0,Dinosauria Saurischia Sauropodomorpha Sauropoda Eusauropoda Neosauropoda Macronaria Camarasauromorpha Titanosauriformes Titanosauria Lithostrotia,von Huene (1929),wichmannianus,https://www.nhm.ac.uk/discover/dino-directory/antarctosaurus.html,Cretaceous,19.0,South America,4
apatosaurus,herbivorous,Late Jurassic 154-145 million years ago,USA,sauropod,21.0,Dinosauria Saurischia Sauropodomorpha Sauropoda Eusauropoda Neosauropoda Diplodocoidea Diplodocidae,Marsh (1877),ajax,https://www.nhm.ac.uk/discover/dino-directory/apatosaurus.html,Jurassic,9.0,North America,4
aragosaurus,herbivorous,Early Cretaceous 132-121 million years ago,Spain,sauropod,18.0,Dinosauria Saurischia Sauropodomorpha Sauropoda Eusauropoda,Sanz Buscalioni Casanovas and Sanafé (1987),ischiadicus,https://www.nhm.ac.uk/discover/dino-directory/aragosaurus.html,Cretaceous,11.0,Europe,4
aralosaurus,herbivorous,Late Cretaceous 94-84 million years ago,Kazakhstan,euornithopod,8.0,Dinosauria Ornithischia Genasauria Cerapoda Ornithopoda Euornithopoda Iguanadontia Euiguanadontia Dryomorpha Ankylopollexia Iguanodontoidea Hadrosauridae Euhadrosauria Hadrosaurinae,Rozhdestvensky (1968),tuberiferus,https://www.nhm.ac.uk/discover/dino-directory/aralosaurus.html,Cretaceous,10.0,Asia,2
archaeoceratops,herbivorous,Early Cretaceous 121-99 million years ago,China,ceratopsian,1.3,Dinosauria Ornithischia Genasauria Cerapoda Marginocephalia Ceratopsia Neoceratopsia,Dong and Azuma (1987),oshimai,https://www.nhm.ac.uk/discover/dino-directory/archaeoceratops.html,Cretaceous,22.0,Asia,4
archaeornithomimus,carnivorous,Late Cretaceous 95-70 million years ago,Uzbekistan,small theropod,3.5,Dinosauria Saurischia Theropoda Neotheropoda Tetanurae Avetheropoda Coelurosauria Tyrannoraptora Maniraptoriformes Ornithomimosauria Ornithomimidae,Russell (1972),asiaticus,https://www.nhm.ac.uk/discover/dino-directory/archaeornithomimus.html,Cretaceous,25.0,Asia,2
arrhinoceratops,herbivorous,Late Cretaceous 72-67 million years ago,Canada,ceratopsian,6.0,Dinosauria Ornithischia Genasauria Cerapoda Marginocephalia Ceratopsia Neoceratopsia Coronosauria Ceratopsidae Chasmosaurinae,Parks (1925),brachyops,https://www.nhm.ac.uk/discover/dino-directory/arrhinoceratops.html,Cretaceous,5.0,North America,4
atlascopcosaurus,herbivorous,Early Cretaceous 121-97 million years ago,Australia,euornithopod,3.0,Dinosauria Ornithischia Genasauria Cerapoda Ornithopoda Euornithopoda,Rich and Rich (1989),loadsi,https://www.nhm.ac.uk/discover/dino-directory/atlascopcosaurus.html,Cretaceous,24.0,Australia,2
aucasaurus,carnivorous,Late Cretaceous 84-71 million years ago,Argentina,large theropod,5.0,Dinosauria Saurischia Theropoda Neotheropoda Ceratosauria Neoceratosauria Abelisauroidea Abelisauria,Coria Chiappe and Dingus (2002),garridoi,https://www.nhm.ac.uk/discover/dino-directory/aucasaurus.html,Cretaceous,13.0,South America,2
austrosaurus,herbivorous,Early Cretaceous 112-99 million years ago,Australia,sauropod,15.0,Dinosauria Saurischia Sauropodomorpha Sauropoda Eusauropoda Neosauropoda Macronaria Camarasauromorpha Titanosauriformes Titanosauria,Longman (1933),mckillopi,https://www.nhm.ac.uk/discover/dino-directory/austrosaurus.html,Cretaceous,13.0,Australia,4
avaceratops,herbivorous,Late Cretaceous 80-75 million years ago,USA,ceratopsian,2.3,Dinosauria Ornithischia Genasauria Cerapoda Marginocephalia Ceratopsia Neoceratopsia Coronosauria Ceratopsidae Centrosaurinae,Dodson (1986),lammersi,https://www.nhm.ac.uk/discover/dino-directory/avaceratops.html,Cretaceous,5.0,North America,4
avimimus,omnivorous,Late Cretaceous 80-75 million years ago,Mongolia,small theropod,1.5,Dinosauria Saurischia Theropoda Neotheropoda Tetanurae Avetheropoda Coelurosauria Tyrannoraptora Maniraptoriformes Maniraptora Oviraptorosauria Avimimidae,Kurzanov (1981),portentosus,https://www.nhm.ac.uk/discover/dino-directory/avimimus.html,Cretaceous,5.0,Asia,2
bactrosaurus,herbivorous,Late Cretaceous 84-71 million years ago,China,euornithopod,6.0,Dinosauria Ornithischia Genasauria Cerapoda Ornithopoda Euornithopoda Iguanadontia Euiguanadontia Dryomorpha Ankylopollexia Iguanodontoidea Hadrosauridae,Gilmore (1933),johnsoni,https://www.nhm.ac.uk/discover/dino-directory/bactrosaurus.html,Cretaceous,13.0,Asia,2
bagaceratops,herbivorous,Late Cretaceous 85-80 million years ago,Mongolia,ceratopsian,1.0,Dinosauria Ornithischia Genasauria Cerapoda Marginocephalia Ceratopsia Neoceratopsia Bagaceratopsidae,Maryanska and Osmolska (1975),rozhdestvenskyi,https://www.nhm.ac.uk/discover/dino-directory/bagaceratops.html,Cretaceous,5.0,Asia,4
bambiraptor,carnivorous,Late Cretaceous 84-71 million years ago,USA,small theropod,1.0,Dinosauria Saurischia Theropoda Neotheropoda Tetanurae Avetheropoda Coelurosauria Tyrannoraptora Maniraptoriformes Maniraptora Paraves Eumaniraptora Dromaeosauridae,Burnham Derstler Currie Bakker Zhou and Ostrom (2000),feinbergorum,https://www.nhm.ac.uk/discover/dino-directory/bambiraptor.html,Cretaceous,13.0,North America,2
barapasaurus,herbivorous,Early Jurassic 185-170 million years ago,India,sauropod,14.0,Dinosauria Saurischia Sauropodomorpha Sauropoda Eusauropoda Cetiosauridae,Jain Kutty Roy-Chowdhury and Chatterjee (1975),tagorei,https://www.nhm.ac.uk/discover/dino-directory/barapasaurus.html,Jurassic,15.0,Asia,4
barosaurus,herbivorous,Late Jurassic 155-145 million years ago,USA,sauropod,24.0,Dinosauria Saurischia Sauropodomorpha Sauropoda Eusauropoda Neosauropoda Diplodocoidea Diplodocidae,Marsh (1890),lentus,https://www.nhm.ac.uk/discover/dino-directory/barosaurus.html,Jurassic,10.0,North America,4
becklespinax,carnivorous,Early Cretaceous 142-132 million years ago,United Kingdom,large theropod,5.0,Dinosauria Saurischia Theropoda Neotheropoda Tetanurae,Paul (1988),altispinax,https://www.nhm.ac.uk/discover/dino-directory/becklespinax.html,Cretaceous,10.0,Europe,2
beipiaosaurus,omnivorous,Early Cretaceous 127-121 million years ago,China,small theropod,2.0,Dinosauria Saurischia Theropoda Neotheropoda Tetanurae Avetheropoda Coelurosauria Tyrannoraptora Maniraptoriformes Maniraptora Therizinosauroidea,Xu Tang and Wang (1999),inexpectus,https://www.nhm.ac.uk/discover/dino-directory/beipiaosaurus.html,Cretaceous,6.0,Asia,2
bellusaurus,herbivorous,Mid Jurassic 180-159 million years ago,China,sauropod,5.0,Dinosauria Saurischia Sauropodomorpha Sauropoda Eusauropoda Neosauropoda Macronaria,Dong and Azuma (1990),sui,https://www.nhm.ac.uk/discover/dino-directory/bellusaurus.html,Jurassic,21.0,Asia,4
borogovia,carnivorous,Late Cretaceous 84-65 million years ago,Mongolia,small theropod,1.5,Dinosauria Saurischia Theropoda Neotheropoda Tetanurae Avetheropoda Coelurosauria Tyrannoraptora Maniraptoriformes Maniraptora Paraves Eumaniraptoria Troodontidae,Osmólska (1987),gracilicrus,https://www.nhm.ac.uk/discover/dino-directory/borogovia.html,Cretaceous,19.0,Asia,2
brachiosaurus,herbivorous,Late Jurassic 155-140 million years ago,USA,sauropod,30.0,Dinosauria Saurischia Sauropodomorpha Sauropoda Eusauropoda Neosauropoda Macronaria Camarasauromorpha Titanosauriformes Brachiosauridae,Riggs (1903),altithorax,https://www.nhm.ac.uk/discover/dino-directory/brachiosaurus.html,Jurassic,15.0,North America,4
brachylophosaurus,herbivorous,Late Cretaceous 89-88 million years ago,USA,euornithopod,7.0,Dinosauria Ornithischia Genasauria Cerapoda Ornithopoda Euornithopoda Iguanadontia Euiguanadontia Dryomorpha Ankylopollexia Iguanodontoidea Hadrosauridae Euhadrosauria Hadrosaurinae,C. M. Sternberg (1953),canadensis,https://www.nhm.ac.uk/discover/dino-directory/brachylophosaurus.html,Cretaceous,1.0,North America,2
buitreraptor,carnivorous,Late Cretaceous 99-90 million years ago,Argentina,small theropod,1.3,Dinosauria Saurischia Theropoda Neotheropoda Tetanurae Avetheropoda Coelurosauria Tyrannoraptora Maniraptoriformes Maniraptora Paraves Eumaniraptora Dromaeosauridae Unenlagiinae,Makovicky Apesteguía &amp; Agnolin (2005),gonzalezorum,https://www.nhm.ac.uk/discover/dino-directory/buitreraptor.html,Cretaceous,9.0,South America,2
camarasaurus,herbivorous,Late Jurassic 150-140 million years ago,USA,sauropod,23.0,Dinosauria Saurischia Sauropodomorpha Sauropoda Eusauropoda Neosauropoda Macronaria Camarasauromorpha Camarasauridae,Cope (1877),supremus,https://www.nhm.ac.uk/discover/dino-directory/camarasaurus.html,Jurassic,10.0,North America,4
camptosaurus,herbivorous,Late Jurassic 155-145 million years ago,USA,euornithopod,5.0,Dinosauria Ornithischia Genasauria Cerapoda Ornithopoda Euornithopoda Iguanadontia Euiguanadontia Dryomorpha Ankylopollexia,Marsh (1885),dispar,https://www.nhm.ac.uk/discover/dino-directory/camptosaurus.html,Jurassic,10.0,North America,2
carcharodontosaurus,carnivorous,Late Cretaceous 98-94 million years ago,North Africa,large theropod,15.0,Dinosauria Saurischia Theropoda Neotheropoda Tetanurae Avetheropoda Carnosauria Allosauroidea Carcharodontosauridae,Stromer (1931),saharicus,https://www.nhm.ac.uk/discover/dino-directory/carcharodontosaurus.html,Cretaceous,4.0,Africa,2
caudipteryx,omnivorous,Early Cretaceous 125-122 million years ago,China,small theropod,1.0,Dinosauria Saurischia Theropoda Neotheropoda Tetanurae Avetheropoda Coelurosauria Tyrannoraptora Maniraptoriformes Maniraptora Oviraptorosauria Caudipterygidae,Ji Currie Norell and Ji. (1998),zoui,https://www.nhm.ac.uk/discover/dino-directory/caudipteryx.html,Cretaceous,3.0,Asia,2
cedarpelta,herbivorous,Early Cretaceous 142-127 million years ago,USA,armoured dinosaur,10.0,Dinosauria Ornithischia Genasauria Thyreophora Ankylosauromorpha Ankylosauria Ankylosauridae,Carpenter Kirkland Burge and Bird (2001),bilbeyhallorum,https://www.nhm.ac.uk/discover/dino-directory/cedarpelta.html,Cretaceous,15.0,North America,2
ceratosaurus,carnivorous,Late Jurassic 153-148 million years ago,USA,large theropod,6.0,Dinosauria Saurischia Theropoda Neotheropoda Ceratosauria Neoceratosauria,Marsh (1884),nasicornis,https://www.nhm.ac.uk/discover/dino-directory/ceratosaurus.html,Jurassic,5.0,North America,2
cetiosauriscus,herbivorous,Mid Jurassic 175-160 million years ago,United Kingdom,sauropod,15.0,Dinosauria Saurischia Sauropodomorpha Sauropoda Eusauropoda Neosauropoda Diplodocoidea,von Huene (1927),stewarti,https://www.nhm.ac.uk/discover/dino-directory/cetiosauriscus.html,Jurassic,15.0,Europe,4
cetiosaurus,herbivorous,Mid Jurassic 170-160 million years ago,United Kingdom,sauropod,18.0,Dinosauria Saurischia Sauropodomorpha Sauropoda Eusauropoda Cetiosauridae,Phillips (1871),oxoniensis,https://www.nhm.ac.uk/discover/dino-directory/cetiosaurus.html,Jurassic,10.0,Europe,4
chaoyangsaurus,herbivorous,Late Jurassic 152-145 million years ago,China,ceratopsian,1.1,Dinosauria Ornithischia Genasauria Cerapoda Marginocephalia Ceratopsia Neoceratopsia,Zhao Cheng and Xu (1999),youngi,https://www.nhm.ac.uk/discover/dino-directory/chaoyangsaurus.html,Jurassic,7.0,Asia,4
chindesaurus,carnivorous,Late Triassic 227-210 million years ago,USA,small theropod,4.0,Dinosauria Saurischia Theropoda Herrerasauridae,Long and Murry (1995),bryansmalli,https://www.nhm.ac.uk/discover/dino-directory/chindesaurus.html,Triassic,17.0,North America,2
chinshakiangosaurus,herbivorous,Late Jurassic 159-142 million years ago,China,sauropod,11.0,Dinosauria Saurischia Sauropodomorpha Sauropoda,Yeh (1975),zhongheensis,https://www.nhm.ac.uk/discover/dino-directory/chinshakiangosaurus.html,Jurassic,17.0,Asia,4
chirostenotes,omnivorous,Late Jurassic 79-67 million years ago,Canada,small theropod,1.7,Dinosauria Saurischia Theropoda Neotheropoda Tetanurae Avetheropoda Coelurosauria Tyrannoraptora Maniraptoriformes Maniraptora Oviraptorosauria Caenagnathoidea Caenagnathidae,Gilmore (1924),pergracilis,https://www.nhm.ac.uk/discover/dino-directory/chirostenotes.html,Jurassic,12.0,North America,2
chubutisaurus,herbivorous,Early Cretaceous 112-99 million years ago,Argentina,sauropod,23.0,Dinosauria Saurischia Sauropodomorpha Sauropoda Eusauropoda Neosauropoda Macronaria Camarasauromorpha Titanosauriformes Titanosauria,Corro (1974),insignis,https://www.nhm.ac.uk/discover/dino-directory/chubutisaurus.html,Cretaceous,13.0,South America,4
chungkingosaurus,herbivorous,Late Jurassic 159-142 million years ago,China,armoured dinosaur,4.0,Dinosauria Ornithischia Genasauria Thyreophora Stegosauria Stegosauridae Stegosaurinae,Dong Zhou and Zhang (1983),jiangbeiensis,https://www.nhm.ac.uk/discover/dino-directory/chungkingosaurus.html,Jurassic,17.0,Asia,2
citipati,omnivorous,Late Cretaceous 81-75 million years ago,Mongolia,small theropod,2.1,Dinosauria Saurischia Theropoda Neotheropoda Tetanurae Avetheropoda Coelurosauria Tyrannoraptora Maniraptoriformes Maniraptora Oviraptorosauria Caenagnathoidea Oviraptoridae Oviraptorinae,Clark Norell and Barsbold (2001),osmolskae,https://www.nhm.ac.uk/discover/dino-directory/citipati.html,Cretaceous,6.0,Asia,2
coelurus,carnivorous,Late Jurassic 155-145 million years ago,USA,small theropod,1.8,Dinosauria Saurischia Theropoda Neotheropoda Tetanurae Avetheropoda Coelurosauria,Marsh (1879),fragilis,https://www.nhm.ac.uk/discover/dino-directory/coelurus.html,Jurassic,10.0,North America,2
coloradisaurus,omnivorous,Late Triassic 221-210 million years ago,Argentina,sauropod,4.0,Dinosauria Saurischia Sauropodomorpha Prosauropoda Plateosauria Plateosauridae,Bonaparte (1978),brevis,https://www.nhm.ac.uk/discover/dino-directory/coloradisaurus.html,Triassic,11.0,South America,4
compsognathus,carnivorous,Late Jurassic 145-140 million years ago,Germany,small theropod,0.65,Dinosauria Saurischia Theropoda Neotheropoda Tetanurae Avetheropoda Coelurosauria Compsognathidae,Wagner (1859),longipes,https://www.nhm.ac.uk/discover/dino-directory/compsognathus.html,Jurassic,5.0,Europe,2
conchoraptor,carnivorous,Late Cretaceous 81-76 million years ago,Mongolia,small theropod,1.5,Dinosauria Saurischia Theropoda Neotheropoda Tetanurae Avetheropoda Coelurosauria Tyrannoraptora Maniraptoriformes Maniraptora Oviraptorosauria Caenagnathoidea Oviraptoridae Ingeniinae,Barsbold (1986),gracilis,https://www.nhm.ac.uk/discover/dino-directory/conchoraptor.html,Cretaceous,5.0,Asia,2
confuciusornis,carnivorous,Early Cretaceous 127-121 million years ago,China,small theropod,0.25,Dinosauria Saurischia Theropoda Neotheropoda Tetanurae Avetheropoda Coelurosauria Tyrannoraptora Maniraptoriformes Maniraptora Paraves Eumaniraptoria Avialae Ornithurae Avibrevicauda Pygostylia Confuciusornithidae,Hou Zhou Gu and Zhang (1995),sanctus,https://www.nhm.ac.uk/discover/dino-directory/confuciusornis.html,Cretaceous,6.0,Asia,2
corythosaurus,herbivorous,Late Cretaceous 76-74 million years ago,USA,euornithopod,10.0,Dinosauria Ornithischia Genasauria Cerapoda Ornithopoda Euornithopoda Iguanadontia Euiguanadontia Dryomorpha Ankylopollexia Iguanodontoidea Hadrosauridae Euhadrosauria Lambeosaurinae,Brown (1914),casuarius,https://www.nhm.ac.uk/discover/dino-directory/corythosaurus.html,Cretaceous,2.0,North America,2
dacentrurus,herbivorous,Late Jurassic 154-150 million years ago,United Kingdom,armoured dinosaur,6.0,Dinosauria Ornithischia Genasauria Thyreophora Stegosauria Stegosauridae,Lucas (1902),armatus,https://www.nhm.ac.uk/discover/dino-directory/dacentrurus.html,Jurassic,4.0,Europe,2
daspletosaurus,carnivorous,Late Cretaceous 76-74 million years ago,Canada,large theropod,9.0,Dinosauria Saurischia Theropoda Neotheropoda Tetanurae Avetheropoda Coelurosauria Tyrannoraptora Tyrannosauroidea Tyrannosauridae Tyrannosaurinae,Russell (1970),torosus,https://www.nhm.ac.uk/discover/dino-directory/daspletosaurus.html,Cretaceous,2.0,North America,2
deinocheirus,omnivorous,Late Cretaceous 70-66 million years ago,Mongolia,large theropod,10.0,Dinosauria Saurischia Theropoda Neotheropoda Tetanurae Avetheropoda Coelurosauria Tyrannoraptora Maniraptoriformes Ornithomimosauria,Osmólska and Roniewicz (1970),mirificus,https://www.nhm.ac.uk/discover/dino-directory/deinocheirus.html,Cretaceous,4.0,Asia,2
deinonychus,carnivorous,Early Cretaceous 120-110 million years ago,USA,small theropod,3.0,Dinosauria Saurischia Theropoda Neotheropoda Tetanurae Avetheropoda Coelurosauria Tyrannoraptora Maniraptoriformes Maniraptora Paraves Eumaniraptora Dromaeosauridae,Ostrom (1969),antirrhopus,https://www.nhm.ac.uk/discover/dino-directory/deinonychus.html,Cretaceous,10.0,North America,2
deltadromeus,carnivorous,Late Cretaceous 99-94 million years ago,Morocco,large theropod,8.1,Dinosauria Saurischia Theropoda Neotheropoda Tetanurae Avetheropoda Coelurosauria,Sereno Duthiel Iarochene Larsson Lyon Magwene Sidor Varricchio and Wilson (1996),agilis,https://www.nhm.ac.uk/discover/dino-directory/deltadromeus.html,Cretaceous,5.0,Africa,2
dicraeosaurus,herbivorous,Late Jurassic 150-135 million years ago,Tanzania,sauropod,20.0,Dinosauria Saurischia Sauropodomorpha Sauropoda Eusauropoda Neosauropoda Diplodocoidea Dicraeosauridae,Janensch (1914),hansemanni,https://www.nhm.ac.uk/discover/dino-directory/dicraeosaurus.html,Jurassic,15.0,Africa,4
diplodocus,herbivorous,Late Jurassic 155-145 million years ago,USA,sauropod,26.0,Dinosauria Saurischia Sauropodomorpha Sauropoda Eusauropoda Neosauropoda Diplodocoidea Diplodocidae,Marsh (1878),longus,https://www.nhm.ac.uk/discover/dino-directory/diplodocus.html,Jurassic,10.0,North America,4
dromaeosaurus,carnivorous,Late Cretaceous 76-74 million years ago,USA,small theropod,1.8,Dinosauria Saurischia Theropoda Neotheropoda Tetanurae Avetheropoda Coelurosauria Tyrannoraptora Maniraptoriformes Maniraptora Paraves Eumaniraptora Dromaeosauridae,Matthew and Brown (1922),albertensis,https://www.nhm.ac.uk/discover/dino-directory/dromaeosaurus.html,Cretaceous,2.0,North America,2
dromiceiomimus,omnivorous,Late Cretaceous 74-70 million years ago,Canada,large theropod,3.5,Dinosauria Saurischia Theropoda Neotheropoda Tetanurae Avetheropoda Coelurosauria Tyrannoraptora Maniraptoriformes Ornithomimosauria Ornithomimidae,Parks (1926),brevitertius,https://www.nhm.ac.uk/discover/dino-directory/dromiceiomimus.html,Cretaceous,4.0,North America,2
dryosaurus,herbivorous,Late Jurassic 155-140 million years ago,USA,euornithopod,4.0,Dinosauria Ornithischia Genasauria Cerapoda Ornithopoda Euornithopoda Iguanadontia Euiguanadontia Dryomorpha Dryosauridae,Marsh (1894),altus,https://www.nhm.ac.uk/discover/dino-directory/dryosaurus.html,Jurassic,15.0,North America,2
dryptosaurus,carnivorous,Late Cretaceous 84-65 million years ago,USA,large theropod,6.4,Dinosauria Saurischia Theropoda Neotheropoda Tetanurae Avetheropoda Coelurosauria Tyrannoraptora Tyrannosauroidea,Cope (1866),aquilunguis,https://www.nhm.ac.uk/discover/dino-directory/dryptosaurus.html,Cretaceous,19.0,North America,2
edmontonia,herbivorous,Late Cretaceous 76-74 million years ago,Canada,armoured dinosaur,4.0,Dinosauria Ornithischia Genasauria Thyreophora Ankylosauromorpha Ankylosauria Nodosauridae,Sternberg (1928),longiceps,https://www.nhm.ac.uk/discover/dino-directory/edmontonia.html,Cretaceous,2.0,North America,2
edmontosaurus,herbivorous,Late Cretaceous 76-65 million years ago,Canada,euornithopod,13.0,Dinosauria Ornithischia Genasauria Cerapoda Ornithopoda Euornithopoda Iguanadontia Euiguanadontia Dryomorpha Ankylopollexia Iguanodontoidea Hadrosauridae Euhadrosauria Hadrosaurinae,Lambe (1917),regalis,https://www.nhm.ac.uk/discover/dino-directory/edmontosaurus.html,Cretaceous,11.0,North America,2
elaphrosaurus,carnivorous,Late Jurassic 154-151 million years ago,Tanzania,large theropod,6.2,Dinosauria Saurischia Theropoda Neotheropoda Ceratosauria Neoceratosauria,Janensch (1920),bambergi,https://www.nhm.ac.uk/discover/dino-directory/elaphrosaurus.html,Jurassic,3.0,Africa,2
emausaurus,herbivorous,Mid Jurassic 190-180 million years ago,Germany,armoured dinosaur,2.0,Dinosauria Ornithischia Genasauria Thyreophora,Haubold (1991),ernsti,https://www.nhm.ac.uk/discover/dino-directory/emausaurus.html,Jurassic,10.0,Europe,2
eotyrannus,carnivorous,Early Cretaceous 127-121 million years ago,United Kingdom,large theropod,5.0,Dinosauria Saurischia Theropoda Neotheropoda Tetanurae Avetheropoda Coelurosauria Tyrannoraptora Tyrannosauroidea,Hutt Naish Martill Barker and Newberry (2001),lengi,https://www.nhm.ac.uk/discover/dino-directory/eotyrannus.html,Cretaceous,6.0,Europe,2
erlikosaurus,omnivorous,Late Cretaceous 99-89 million years ago,Mongolia,small theropod,3.4,Dinosauria Saurischia Theropoda Neotheropoda Tetanurae Avetheropoda Coelurosauria Tyrannoraptora Maniraptoriformes Maniraptora Therizinosauroidea Therizinosauridae,Perle vide Barsbold and Perle (1980),andrewsi,https://www.nhm.ac.uk/discover/dino-directory/erlikosaurus.html,Cretaceous,10.0,Asia,2
euhelopus,herbivorous,Late Jurassic 154-142 million years ago,China,sauropod,10.0,Dinosauria Saurischia Sauropodomorpha Sauropoda Eusauropoda,Wiman (1929),zdanskyi,https://www.nhm.ac.uk/discover/dino-directory/euhelopus.html,Jurassic,12.0,Asia,4
europasaurus,herbivorous,Late Jurassic 154-151 million years ago,Germany,sauropod,6.2,Dinosauria Saurischia Sauropodomorpha Sauropoda Eusauropoda Neosauropoda Macronaria,Sander Mateus Laven and Knötschke (2006),holgeri,https://www.nhm.ac.uk/discover/dino-directory/europasaurus.html,Jurassic,3.0,Europe,4
fukuiraptor,carnivorous,Early Cretaceous 121-99 million years ago,Japan,large theropod,4.2,Dinosauria Saurischia Theropoda Neotheropoda Tetanurae Avetheropoda Carnosauria,Azuma and Currie (2000),kitadaniensis,https://www.nhm.ac.uk/discover/dino-directory/fukuiraptor.html,Cretaceous,22.0,Asia,2
fukuisaurus,herbivorous,Early Cretaceous 121-99 million years ago,Japan,euornithopod,4.7,Dinosauria Ornithischia Genasauria Cerapoda Ornithopoda Euornithopoda Iguanadontia Euiguanadontia Dryomorpha Ankylopollexia Iguanodontoidea,Kobayashi and Azuma (2003),tetoriensius,https://www.nhm.ac.uk/discover/dino-directory/fukuisaurus.html,Cretaceous,22.0,Asia,2
gallimimus,omnivorous,Late Cretaceous 74-70 million years ago,Mongolia,large theropod,6.0,Dinosauria Saurischia Theropoda Neotheropoda Tetanurae Avetheropoda Coelurosauria Tyrannoraptora Maniraptoriformes Ornithomimosauria Ornithomimidae,Osmólska Roniewicz and Barsbold (1972),bullatus,https://www.nhm.ac.uk/discover/dino-directory/gallimimus.html,Cretaceous,4.0,Asia,2
gargoyleosaurus,herbivorous,Late Jurassic 154-142 million years ago,USA,armoured dinosaur,4.0,Dinosauria Ornithischia Genasauria Thyreophora Ankylosauromorpha Ankylosauria,Carpenter Miles and Cloward (1998),parkpinorum,https://www.nhm.ac.uk/discover/dino-directory/gargoyleosaurus.html,Jurassic,12.0,North America,2
garudimimus,omnivorous,Late Cretaceous 99-89 million years ago,Mongolia,large theropod,4.7,Dinosauria Saurischia Theropoda Neotheropoda Tetanurae Avetheropoda Coelurosauria Tyrannoraptora Maniraptoriformes Ornithomimosauria,Barsbold (1981),brevipes,https://www.nhm.ac.uk/discover/dino-directory/garudimimus.html,Cretaceous,10.0,Asia,2
gasosaurus,carnivorous,Mid Jurassic 170-160 million years ago,China,small theropod,4.0,Dinosauria Saurischia Theropoda Neotheropoda Tetanurae Avetheropoda,Dong and Tang (1985),constructus,https://www.nhm.ac.uk/discover/dino-directory/gasosaurus.html,Jurassic,10.0,Asia,2
gasparinisaura,herbivorous,Late Cretaceous 86-71 million years ago,Argentina,euornithopod,0.8,Dinosauria Ornithischia Genasauria Cerapoda Ornithopoda Euornithopoda,Coria and Salgado (1996),cincosaltensis,https://www.nhm.ac.uk/discover/dino-directory/gasparinisaura.html,Cretaceous,15.0,South America,2
gastonia,herbivorous,Early Cretaceous 142-127 million years ago,USA,armoured dinosaur,4.6,Dinosauria Ornithischia Genasauria Thyreophora Ankylosauromorpha Ankylosauria,Kirkland (1998),burgei,https://www.nhm.ac.uk/discover/dino-directory/gastonia.html,Cretaceous,15.0,North America,2
giganotosaurus,carnivorous,Early Cretaceous 112-90 million years ago,Argentina,large theropod,12.5,Dinosauria Saurischia Theropoda Neotheropoda Tetanurae Avetheropoda Carnosauria Allosauroidea Carcharodontosauridae,Coria and Salgado (1995),carolinii,https://www.nhm.ac.uk/discover/dino-directory/giganotosaurus.html,Cretaceous,22.0,South America,2
gilmoreosaurus,herbivorous,Late Cretaceous 76-70 million years ago,China,euornithopod,6.0,Dinosauria Ornithischia Genasauria Cerapoda Ornithopoda Euornithopoda Iguanadontia Euiguanadontia Dryomorpha Ankylopollexia Iguanodontoidea Hadrosauridae,Brett-Surman (1979),mongoliensis,https://www.nhm.ac.uk/discover/dino-directory/gilmoreosaurus.html,Cretaceous,6.0,Asia,2
giraffatitan,herbivorous,Late Jurassic 154-142 million years ago,Tanzania,sauropod,23.0,Dinosauria Saurischia Sauropodomorpha Sauropoda Eusauropoda Neosauropoda Macronaria Camarasauromorpha Titanosauriformes Brachiosauridae,Janensch (1914),brancai,https://www.nhm.ac.uk/discover/dino-directory/giraffatitan.html,Jurassic,12.0,Africa,4
gobisaurus,herbivorous,Early Cretaceous 121-99 million years ago,China,armoured dinosaur,5.0,Dinosauria Ornithischia Genasauria Thyreophora Ankylosauromorpha Ankylosauria Ankylosauridae,Vickaryous Russell Currie and Zhao (2001),domoculus,https://www.nhm.ac.uk/discover/dino-directory/gobisaurus.html,Cretaceous,22.0,Asia,2
gorgosaurus,carnivorous,Late Cretaceous 80-73 million years ago,USA,large theropod,8.6,Dinosauria Saurischia Theropoda Neotheropoda Tetanurae Avetheropoda Coelurosauria Tyrannoraptora Tyrannosauroidea Tyrannosauridae Albertosaurinae,Lamb (1914),libratus,https://www.nhm.ac.uk/discover/dino-directory/gorgosaurus.html,Cretaceous,7.0,North America,2
goyocephale,herbivorous,Late Cretaceous 81-75 million years ago,Mongolia,large theropod,2.0,Dinosauria Ornithischia Genasauria Cerapoda Marginocephalia Pachycephalosauria Goyocephala,Perle Maryańska and Osmólska (1982),lattimorei,https://www.nhm.ac.uk/discover/dino-directory/goyocephale.html,Cretaceous,6.0,Asia,2
gryposaurus,herbivorous,Late Cretaceous 86-71 million years ago,USA,euornithopod,10.0,Dinosauria Ornithischia Genasauria Cerapoda Ornithopoda Euornithopoda Iguanadontia Euiguanadontia Dryomorpha Ankylopollexia Iguanodontoidea Hadrosauridae Euhadrosauria Hadrosaurinae,Lambe (1914),notabilis,https://www.nhm.ac.uk/discover/dino-directory/gryposaurus.html,Cretaceous,15.0,North America,2
guaibasaurus,herbivorous,Late Triassic 221-210 million years ago,Brazil,small theropod,1.8,Dinosauria Saurischia Theropoda,Bonaparte Ferigolo and Ribeiro (1999),candelariensis,https://www.nhm.ac.uk/discover/dino-directory/guaibasaurus.html,Triassic,11.0,South America,2
guanlong,carnivorous,Late Jurassic 159-154 million years ago,China,small theropod,3.0,Dinosauria Saurischia Theropoda Neotheropoda Tetanurae Avetheropoda Coelurosauria Tyrannoraptora Tyrannosauroidea,Xu Clark Forster Norell Erickson Eberth Jia and Zhao (2006),wucaii,https://www.nhm.ac.uk/discover/dino-directory/guanlong.html,Jurassic,5.0,Asia,2
hadrosaurus,herbivorous,Late Cretaceous 78-74 million years ago,USA,euornithopod,9.0,Dinosauria Ornithischia Genasauria Cerapoda Ornithopoda Euornithopoda Iguanadontia Euiguanadontia Dryomorpha Ankylopollexia Iguanodontoidea Hadrosauridae Euhadrosauria Hadrosaurinae,Leidy (1858),foulkii,https://www.nhm.ac.uk/discover/dino-directory/hadrosaurus.html,Cretaceous,4.0,North America,2
haplocanthosaurus,herbivorous,Late Jurassic 154-142 million years ago,USA,sauropod,21.5,Dinosauria Saurischia Sauropodomorpha Sauropoda Eusauropoda Neosauropoda Macronaria Camarasauromorpha Camarasauridae,Hatcher (1903),priscus,https://www.nhm.ac.uk/discover/dino-directory/haplocanthosaurus.html,Jurassic,12.0,North America,4
harpymimus,omnivorous,Early Cretaceous 121-99 million years ago,Mongolia,small theropod,2.0,Dinosauria Saurischia Theropoda Neotheropoda Tetanurae Avetheropoda Coelurosauria Tyrannoraptora Maniraptoriformes Ornithomimosauria,Barsbold and Perle (1984),okladnikovi,https://www.nhm.ac.uk/discover/dino-directory/harpymimus.html,Cretaceous,22.0,Asia,2
hesperosaurus,herbivorous,Late Jurassic 154-142 million years ago,USA,armoured dinosaur,6.0,Dinosauria Ornithischia Genasauria Thyreophora Stegosauria Stegosauridae Stegosaurinae,Carpenter Miles and Cloward (2001),mjosi,https://www.nhm.ac.uk/discover/dino-directory/hesperosaurus.html,Jurassic,12.0,North America,2
heyuannia,omnivorous,Late Cretaceous 72-68 million years ago,Mongolia,small theropod,2.0,Dinosauria Saurischia Theropoda Neotheropoda Tetanurae Avetheropoda Coelurosauria Tyrannoraptora Maniraptoriformes Maniraptora Oviraptorosauria Caenagnathoidea Oviraptoridae Ingeniinae,Barsbold (1981),yanshini,https://www.nhm.ac.uk/discover/dino-directory/heyuannia.html,Cretaceous,4.0,Asia,2
homalocephale,herbivorous,Late Cretaceous 72-68 million years ago,Mongolia,euornithopod,1.5,Dinosauria Ornithischia Genasauria Cerapoda Marginocephalia Pachycephalosauria Goyocephala Homalocephaloidea,Maryańska and Osmólska (1974),calathocercos,https://www.nhm.ac.uk/discover/dino-directory/homalocephale.html,Cretaceous,4.0,Asia,2
huayangosaurus,herbivorous,Mid Jurassic 170-160 million years ago,China,armoured dinosaur,4.5,Dinosauria Ornithischia Genasauria Thyreophora Stegosauria Huayangosauridae,Dong Tang and Zhou (1982),taibaii,https://www.nhm.ac.uk/discover/dino-directory/huayangosaurus.html,Jurassic,10.0,Asia,2
hylaeosaurus,herbivorous,Early Cretaceous 150-135 million years ago,United Kingdom,armoured dinosaur,5.0,Dinosauria Ornithischia Genasauria Thyreophora Ankylosauromorpha Ankylosauria,Mantell (1833),armatus,https://www.nhm.ac.uk/discover/dino-directory/hylaeosaurus.html,Cretaceous,15.0,Europe,2
iguanodon,herbivorous,Early Cretaceous 140-110 million years ago,United Kingdom,euornithopod,10.0,Dinosauria Ornithischia Genasauria Cerapoda Ornithopoda Euornithopoda Iguanadontia Euiguanadontia Dryomorpha Ankylopollexia Iguanodontoidea,Boulenger and van Beneden (1881),bernissartensis,https://www.nhm.ac.uk/discover/dino-directory/iguanodon.html,Cretaceous,30.0,Europe,2
indosuchus,carnivorous,Late Cretaceous 71-65 million years ago,India,large theropod,7.0,Dinosauria Saurischia Theropoda Neotheropoda Ceratosauria Neoceratosauria,Huene and Matley (1933),raptorius,https://www.nhm.ac.uk/discover/dino-directory/indosuchus.html,Cretaceous,6.0,Asia,2
irritator,carnivorous,Early Cretaceous 112-99 million years ago,Brazil,large theropod,6.5,Dinosauria Saurischia Theropoda Neotheropoda Tetanurae Spinosauroidea Spinosauridae Spinosaurinae,Martill Cruickshank Frey Small and Clarke (1996),challengeri,https://www.nhm.ac.uk/discover/dino-directory/irritator.html,Cretaceous,13.0,South America,2
janenschia,herbivorous,Late Jurassic 154-151 million years ago,Tanzania,sauropod,20.0,Dinosauria Saurischia Sauropodomorpha Sauropoda Eusauropoda Neosauropoda Macronaria Camarasauromorpha Titanosauriformes Titanosauria,Wild (1991),robusta,https://www.nhm.ac.uk/discover/dino-directory/janenschia.html,Jurassic,3.0,Africa,4
jaxartosaurus,herbivorous,Late Cretaceous 94-84 million years ago,Kazakhstan,euornithopod,9.0,Dinosauria Ornithischia Genasauria Cerapoda Ornithopoda Euornithopoda Iguanadontia Euiguanadontia Dryomorpha Ankylopollexia Iguanodontoidea Hadrosauridae Euhadrosauria Lambeosaurinae,Riabinin (1939),aralensis,https://www.nhm.ac.uk/discover/dino-directory/jaxartosaurus.html,Cretaceous,10.0,Asia,2
jingshanosaurus,herbivorous,Early Jurassic 205-190 million years ago,China,sauropod,5.0,Dinosauria Saurischia Sauropodomorpha Prosauropoda Plateosauria,Zhang and Yang (1995),xinwaensis,https://www.nhm.ac.uk/discover/dino-directory/jingshanosaurus.html,Jurassic,15.0,Asia,4
jobaria,herbivorous,Early Cretaceous 132-94 million years ago,Niger,sauropod,21.0,Dinosauria Saurischia Sauropodomorpha Sauropoda Eusauropoda Neosauropoda Macronaria,Sereno Beck Dutheil Larsson Lyon Moussa Sadleir Sidor Varricchio Wilson and Wilson (1999),tiguidensis,https://www.nhm.ac.uk/discover/dino-directory/jobaria.html,Cretaceous,38.0,Africa,4
juravenator,carnivorous,Late Jurassic 154-151 million years ago,Germany,small theropod,0.8,Dinosauria Saurischia Theropoda Neotheropoda Tetanurae Avetheropoda Coelurosauria Compsognathidae,Göhlich &amp; Chiappe (2006),starki,https://www.nhm.ac.uk/discover/dino-directory/juravenator.html,Jurassic,3.0,Europe,2
kentrosaurus,herbivorous,Late Jurassic 155-150 million years ago,Tanzania,armoured dinosaur,5.0,Dinosauria Ornithischia Genasauria Thyreophora Stegosauria Stegosauridae Stegosaurinae,Hennig (1915),aethiopicus,https://www.nhm.ac.uk/discover/dino-directory/kentrosaurus.html,Jurassic,5.0,Africa,2
khaan,omnivorous,Late Cretaceous 81-75 million years ago,Mongolia,small theropod,1.8,Dinosauria Saurischia Theropoda Neotheropoda Tetanurae Avetheropoda Coelurosauria Tyrannoraptora Maniraptoriformes Maniraptora Oviraptorosauria Caenagnathoidea Oviraptoridae Ingeniinae,Clark Norell and Barsbold (2001),mckennai,https://www.nhm.ac.uk/discover/dino-directory/khaan.html,Cretaceous,6.0,Asia,2
kotasaurus,herbivorous,Early Jurassic 205-180 million years ago,India,sauropod,9.0,Dinosauria Saurischia Sauropodomorpha Sauropoda,Yadagiri (1988),yamanpalliensis,https://www.nhm.ac.uk/discover/dino-directory/kotasaurus.html,Jurassic,25.0,Asia,4
kritosaurus,herbivorous,Late Cretaceous 78-74 million years ago,USA,euornithopod,8.0,Dinosauria Ornithischia Genasauria Cerapoda Ornithopoda Euornithopoda Iguanadontia Euiguanadontia Dryomorpha Ankylopollexia Iguanodontoidea Hadrosauridae Euhadrosauria Hadrosaurinae,Brown (1910),navajovius,https://www.nhm.ac.uk/discover/dino-directory/kritosaurus.html,Cretaceous,4.0,North America,2
lambeosaurus,herbivorous,Late Cretaceous 76-74 million years ago,Canada,euornithopod,9.0,Dinosauria Ornithischia Genasauria Cerapoda Ornithopoda Euornithopoda Iguanadontia Euiguanadontia Dryomorpha Ankylopollexia Iguanodontoidea Hadrosauridae Euhadrosauria Lambeosaurinae,Parks (1923),lambei,https://www.nhm.ac.uk/discover/dino-directory/lambeosaurus.html,Cretaceous,2.0,North America,2
leaellynasaura,herbivorous,Early Cretaceous 115-110 million years ago,Australia,euornithopod,2.0,Dinosauria Ornithischia Genasauria Cerapoda Ornithopoda Euornithopoda,Rich and Rich (1989),amicagraphica,https://www.nhm.ac.uk/discover/dino-directory/leaellynasaura.html,Cretaceous,5.0,Australia,2
leptoceratops,herbivorous,Late Cretaceous 67-65 million years ago,USA,ceratopsian,3.0,Dinosauria Ornithischia Genasauria Cerapoda Marginocephalia Ceratopsia Neoceratopsia Coronosauria,Brown (1914),gracilis,https://www.nhm.ac.uk/discover/dino-directory/leptoceratops.html,Cretaceous,2.0,North America,4
ligabuesaurus,herbivorous,Early Cretaceous 121-99 million years ago,Argentina,sauropod,24.0,Dinosauria Saurischia Sauropodomorpha Sauropoda Eusauropoda Neosauropoda Macronaria Camarasauromorpha Titanosauriformes Titanosauria,Bonaparte González Riga and Apesteguía (2006),leanzai,https://www.nhm.ac.uk/discover/dino-directory/ligabuesaurus.html,Cretaceous,22.0,South America,4
liliensternus,carnivorous,Late Triassic 205-202 million years ago,Germany,small theropod,5.0,Dinosauria Saurischia Theropoda Neotheropoda,Huene (1934),liliensterni,https://www.nhm.ac.uk/discover/dino-directory/liliensternus.html,Triassic,3.0,Europe,2
lophorhothon,herbivorous,Late Cretaceous 84-71 million years ago,USA,euornithopod,4.5,Dinosauria Ornithischia Genasauria Cerapoda Ornithopoda Euornithopoda Iguanadontia Euiguanadontia Dryomorpha Ankylopollexia Iguanodontoidea Hadrosauridae Euhadrosauria Hadrosaurinae,Xu Makovicky Wang Norell and You (1960),atopus,https://www.nhm.ac.uk/discover/dino-directory/lophorhothon.html,Cretaceous,13.0,North America,2
lophostropheus,carnivorous,Early Jurassic 203-196 million years ago,France,large theropod,6.2,Dinosauria Saurischia,Ezcurra and Cuny 2007 (1993),airelensis,https://www.nhm.ac.uk/discover/dino-directory/lophostropheus.html,Jurassic,7.0,Europe,2
lufengosaurus,herbivorous,Early Jurassic 200-195 million years ago,China,sauropod,6.0,Dinosauria Saurischia Sauropodomorpha Prosauropoda Plateosauria Plateosauridae,Young (1941),huenei,https://www.nhm.ac.uk/discover/dino-directory/lufengosaurus.html,Jurassic,5.0,Asia,4
lurdusaurus,herbivorous,Early Cretaceous 121-112 million years ago,Niger,euornithopod,9.0,Dinosauria Ornithischia Genasauria Cerapoda Ornithopoda Euornithopoda Iguanadontia Euiguanadontia Dryomorpha Ankylopollexia Iguanodontoidea,Taquet &amp; Russell (1999),arenatus,https://www.nhm.ac.uk/discover/dino-directory/lurdusaurus.html,Cretaceous,9.0,Africa,2
lycorhinus,herbivorous,Late Triassic 205-195 million years ago,South Africa,euornithopod,1.2,Dinosauria Ornithischia Genasauria Cerapoda Heterodontosauridae,Haughton (1924),angustidens,https://www.nhm.ac.uk/discover/dino-directory/lycorhinus.html,Triassic,10.0,Africa,2
magyarosaurus,herbivorous,Late Cretaceous 71-65 million years ago,Romania,sauropod,5.0,Dinosauria Saurischia Sauropodomorpha Sauropoda Eusauropoda Neosauropoda Macronaria Camarasauromorpha Titanosauriformes Titanosauria Lithostrotia,Nopcsa (1915),dacus,https://www.nhm.ac.uk/discover/dino-directory/magyarosaurus.html,Cretaceous,6.0,Europe,4
maiasaura,herbivorous,Late Cretaceous 80-75 million years ago,USA,euornithopod,9.0,Dinosauria Ornithischia Genasauria Cerapoda Ornithopoda Euornithopoda Iguanadontia Euiguanadontia Dryomorpha Ankylopollexia Iguanodontoidea Hadrosauridae Euhadrosauria Hadrosaurinae,Horner and Makela (1979),peeblesorum,https://www.nhm.ac.uk/discover/dino-directory/maiasaura.html,Cretaceous,5.0,North America,2
majungasaurus,carnivorous,Late Cretaceous 84-71 million years ago,Madagascar,large theropod,6.0,Dinosauria Saurischia Theropoda Neotheropoda Ceratosauria Neoceratosauria Abelisauridae,Sues &amp; Taquet (1979),atopus,https://www.nhm.ac.uk/discover/dino-directory/majungasaurus.html,Cretaceous,13.0,Africa,2
malawisaurus,herbivorous,Early Cretaceous 121-112 million years ago,Malawi,sauropod,9.0,Dinosauria Saurischia Sauropodomorpha Sauropoda Eusauropoda Neosauropoda Macronaria Camarasauromorpha Titanosauriformes Titanosauria Lithostrotia,Haughton (1928),dixeyi,https://www.nhm.ac.uk/discover/dino-directory/malawisaurus.html,Cretaceous,9.0,Africa,4
mamenchisaurus,herbivorous,Late Jurassic 155-145 million years ago,China,sauropod,22.0,Dinosauria Saurischia Sauropodomorpha Sauropoda Eusauropoda,Young (1954),constructus,https://www.nhm.ac.uk/discover/dino-directory/mamenchisaurus.html,Jurassic,10.0,Asia,4
mapusaurus,carnivorous,Late Cretaceous 99-94 million years ago,Argentina,large theropod,13.0,Dinosauria Saurischia Theropoda Neotheropoda Tetanurae Avetheropoda Carnosauria Allosauroidea Allosauridae Charcharodontosauridae Giganotosaurinae,Coria and Currie (2006),roseae,https://www.nhm.ac.uk/discover/dino-directory/mapusaurus.html,Cretaceous,5.0,South America,2
marshosaurus,carnivorous,Late Jurassic 154-142 million years ago,USA,large theropod,6.0,Dinosauria Saurischia Theropoda Neotheropoda Tetanurae Avetheropoda,Madsen (1976),bicentesimus,https://www.nhm.ac.uk/discover/dino-directory/marshosaurus.html,Jurassic,12.0,North America,2
masiakasaurus,carnivorous,Late Cretaceous 84-71 million years ago,Madagascar,small theropod,2.0,Dinosauria Saurischia Theropoda Neotheropoda Ceratosauria Neoceratosauria Abelisauroidea Abelisauria,Sampson Carrano &amp; Forster (2001),knopfleri,https://www.nhm.ac.uk/discover/dino-directory/masiakasaurus.html,Cretaceous,13.0,Africa,2
massospondylus,omnivorous,Early Jurassic 208-204 million years ago,Zimbabwe,sauropod,4.0,Dinosauria Saurischia Sauropodomorpha Prosauropoda Plateosauria Plateosauridae,Owen (1854),carinatus,https://www.nhm.ac.uk/discover/dino-directory/massospondylus.html,Jurassic,4.0,Africa,4
megalosaurus,carnivorous,Mid Jurassic 170-155 million years ago,United Kingdom,large theropod,9.0,Dinosauria Saurischia Theropoda Neotheropoda Tetanurae Spinosauroidea Megalosauridae Megalosaurinae,Ritgen (1826),bucklandii,https://www.nhm.ac.uk/discover/dino-directory/megalosaurus.html,Jurassic,15.0,Europe,2
melanorosaurus,omnivorous,Late Triassic 227-221 million years ago,South Africa,sauropod,12.0,Dinosauria Saurischia Sauropodomorpha Prosauropoda Anchisauria Melanorosauridae,Haughton (1924),readi,https://www.nhm.ac.uk/discover/dino-directory/melanorosaurus.html,Triassic,6.0,Africa,4
metriacanthosaurus,carnivorous,Late Jurassic 159-154 million years ago,United Kingdom,large theropod,8.2,Dinosauria Saurischia Theropoda Neotheropoda Tetanurae,Walker (1964),parkeri,https://www.nhm.ac.uk/discover/dino-directory/metriacanthosaurus.html,Jurassic,5.0,Europe,2
microceratus,herbivorous,Late Cretaceous 86-66 million years ago,Mongolia,ceratopsian,0.5,Dinosauria Ornithischia Genasauria Cerapoda Marginocephalia Ceratopsia Neoceratopsia Coronosauria,Bohlin (1953),gobiensis,https://www.nhm.ac.uk/discover/dino-directory/microceratus.html,Cretaceous,20.0,Asia,4
micropachycephalosaurus,herbivorous,Late Cretaceous 84-71 million years ago,China,ceratopsian,0.6,Dinosauria Ornithischia Genasauria Cerapoda Marginocephalia Pachycephalosauria,Dong (1978),hongtuyanensis,https://www.nhm.ac.uk/discover/dino-directory/micropachycephalosaurus.html,Cretaceous,13.0,Asia,4
microraptor,carnivorous,Early Cretaceous 125-122 million years ago,China,small theropod,0.8,Dinosauria Saurischia Theropoda Neotheropoda Tetanurae Avetheropoda Coelurosauria Tyrannoraptora Maniraptoriformes Maniraptora Paraves Eumaniraptora Dromaeosauridae,Xu Zhou and Wang (2000),zhaoianus,https://www.nhm.ac.uk/discover/dino-directory/microraptor.html,Cretaceous,3.0,Asia,2
minmi,herbivorous,Early Cretaceous 121-112 million years ago,Australia,armoured dinosaur,3.0,Dinosauria Ornithischia Genasauria Thyreophora Ankylosauromorpha Ankylosauria,Molnar (1980),paravertebra,https://www.nhm.ac.uk/discover/dino-directory/minmi.html,Cretaceous,9.0,Australia,2
monolophosaurus,carnivorous,Mid Jurassic 180-159 million years ago,China,large theropod,5.7,Dinosauria Saurischia Theropoda Neotheropoda Tetanurae Avetheropoda Carnosauria,Zhao and Currie (1993),jiangi,https://www.nhm.ac.uk/discover/dino-directory/monolophosaurus.html,Jurassic,21.0,Asia,2
mononykus,unknown,Late Cretaceous 81-68 million years ago,Mongolia,small theropod,1.0,Dinosauria Saurischia Theropoda Neotheropoda Tetanurae Avetheropoda Coelurosauria Tyrannoraptora Maniraptoriformes Maniraptora Alvarezsauridae,Perle Norell Chiappe and Clark (1993),olecranus,https://www.nhm.ac.uk/discover/dino-directory/mononykus.html,Cretaceous,13.0,Asia,2
mussaurus,herbivorous,Late Triassic 221-210 million years ago,Argentina,sauropod,3.0,Dinosauria Saurischia Sauropodomorpha Prosauropoda Plateosauria Plateosauridae,Bonaparte and Vince (1979),patagonicus,https://www.nhm.ac.uk/discover/dino-directory/mussaurus.html,Triassic,11.0,South America,4
muttaburrasaurus,herbivorous,Early Cretaceous 110-100 million years ago,Australia,euornithopod,7.0,Dinosauria Ornithischia Genasauria Cerapoda Ornithopoda Euornithopoda Iguanadontia Euiguanadontia Dryomorpha Ankylopollexia Iguanodontoidea,Bartholomai and Molnar (1981),langdoni,https://www.nhm.ac.uk/discover/dino-directory/muttaburrasaurus.html,Cretaceous,10.0,Australia,2
nanshiungosaurus,omnivorous,Late Cretaceous 84-71 million years ago,China,large theropod,4.4,Dinosauria Saurischia Theropoda Neotheropoda Tetanurae Avetheropoda Coelurosauria Tyrannoraptora Maniraptoriformes Maniraptora Therizinosauroidea Therizinosauridae,Dong (1979),brevispinus,https://www.nhm.ac.uk/discover/dino-directory/nanshiungosaurus.html,Cretaceous,13.0,Asia,2
nedoceratops,herbivorous,Late Cretaceous 67-65 million years ago,USA,ceratopsian,7.0,Dinosauria Ornithischia Genasauria Cerapoda Marginocephalia Ceratopsia Neoceratopsia Coronosauria Ceratopsidae Chasmosaurinae,Lull (1905),hatcheri,https://www.nhm.ac.uk/discover/dino-directory/nedoceratops.html,Cretaceous,2.0,North America,4
nemegtosaurus,herbivorous,Late Cretaceous 72-68 million years ago,Mongolia,sauropod,13.0,Dinosauria Saurischia Sauropodomorpha Sauropoda Eusauropoda Neosauropoda Diplodocoidea Nemegtosauridae,Nowinski (1971),mongoliensis,https://www.nhm.ac.uk/discover/dino-directory/nemegtosaurus.html,Cretaceous,4.0,Asia,4
neovenator,carnivorous,Early Cretaceous 127-121 million years ago,United Kingdom,large theropod,7.4,Dinosauria Saurischia Theropoda Neotheropoda Tetanurae Avetheropoda Carnosauria Allosauroidea Carcharodontosauridae,Hutt Martill and Barker (1996),salerii,https://www.nhm.ac.uk/discover/dino-directory/neovenator.html,Cretaceous,6.0,Europe,2
neuquenosaurus,herbivorous,Late Cretaceous 71-65 million years ago,Argentina,sauropod,10.0,Dinosauria Saurischia Sauropodomorpha Sauropoda Eusauropoda Neosauropoda Macronaria Camarasauromorpha Titanosauriformes Titanosauria Lithostrotia Saltasauridae,Lydekker (1893),australis,https://www.nhm.ac.uk/discover/dino-directory/neuquenosaurus.html,Cretaceous,6.0,South America,4
nigersaurus,herbivorous,Early Cretaceous 121-99 million years ago,Tunisia,sauropod,15.0,Dinosauria Saurischia Sauropodomorpha Sauropoda Eusauropoda Neosauropoda Diplodocoidea Rebbachisauridae,Sereno Beck Dutheil Larsson Lyon Moussa Sadleir Sidor Varricchio Wilson &amp; Wilson (1999),taqueti,https://www.nhm.ac.uk/discover/dino-directory/nigersaurus.html,Cretaceous,22.0,Africa,4
noasaurus,carnivorous,Late Cretaceous 84-65 million years ago,Argentina,small theropod,1.0,Dinosauria Saurischia Theropoda Neotheropoda Ceratosauria Neoceratosauria Abelisauroidea Abelisauria,Bonaparte and Powell (1980),leali,https://www.nhm.ac.uk/discover/dino-directory/noasaurus.html,Cretaceous,19.0,South America,2
nodosaurus,herbivorous,Early Cretaceous 110-100 million years ago,USA,armoured dinosaur,5.0,Dinosauria Ornithischia Genasauria Thyreophora Ankylosauromorpha Ankylosauria Nodosauridae,Marsh (1889),textilis,https://www.nhm.ac.uk/discover/dino-directory/nodosaurus.html,Cretaceous,10.0,North America,2
nomingia,omnivorous,Late Cretaceous 72-68 million years ago,Mongolia,small theropod,1.6,Dinosauria Saurischia Theropoda Neotheropoda Tetanurae Avetheropoda Coelurosauria Tyrannoraptora Maniraptoriformes Maniraptora Oviraptorosauria Caenagnathoidea Caenagnathidae,Barsbold Osmólska Watabe Currie and Tsogtbaatar (2000),gobiensis,https://www.nhm.ac.uk/discover/dino-directory/nomingia.html,Cretaceous,4.0,Asia,2
nothronychus,omnivorous,Late Cretaceous 94-89 million years ago,USA,large theropod,5.3,Dinosauria Saurischia Theropoda Neotheropoda Tetanurae Avetheropoda Coelurosauria Tyrannoraptora Maniraptoriformes Maniraptora Therizinosauroidea Therizinosauridae,Kirkland and Wolfe (2001),mckinleyi,https://www.nhm.ac.uk/discover/dino-directory/nothronychus.html,Cretaceous,5.0,North America,2
nqwebasaurus,carnivorous,Mid Jurassic 159-132 million years ago,South Africa,small theropod,1.0,Dinosauria Saurischia Theropoda Neotheropoda Tetanurae Avetheropoda Coelurosauria,de Klerk Forster Sampson Chinsamy and Ross (2000),thwazi,https://www.nhm.ac.uk/discover/dino-directory/nqwebasaurus.html,Jurassic,27.0,Africa,2
omeisaurus,herbivorous,Mid Jurassic 169-159 million years ago,China,sauropod,20.0,Dinosauria Saurischia Sauropodomorpha Sauropoda Eusauropoda,Young (1939),junghsiensis,https://www.nhm.ac.uk/discover/dino-directory/omeisaurus.html,Jurassic,10.0,Asia,4
opisthocoelicaudia,herbivorous,Late Cretaceous 72-68 million years ago,Mongolia,sauropod,12.0,Dinosauria Saurischia Sauropodomorpha Sauropoda Eusauropoda Neosauropoda Macronaria Camarasauromorpha Titanosauriformes Titanosauria Lithostrotia Saltasauridae,Borsuk-Bialynicka  (1977),skarzynskii ,https://www.nhm.ac.uk/discover/dino-directory/opisthocoelicaudia.html,Cretaceous,4.0,Asia,4
ornitholestes,carnivorous,Late Jurassic 150-144 million years ago,USA,small theropod,2.0,Dinosauria Saurischia Theropoda Neotheropoda Tetanurae Avetheropoda Coelurosauria,Osbourne (1933),hermanni,https://www.nhm.ac.uk/discover/dino-directory/ornitholestes.html,Jurassic,6.0,North America,2
ornithomimus,omnivorous,Late Cretaceous 74-65 million years ago,USA,large theropod,4.0,Dinosauria Saurischia Theropoda Neotheropoda Tetanurae Avetheropoda Coelurosauria Tyrannoraptora Maniraptoriformes Ornithomimosauria Ornithomimidae,Marsh (1890),velox,https://www.nhm.ac.uk/discover/dino-directory/ornithomimus.html,Cretaceous,9.0,North America,2
oryctodromeus,herbivorous,Late Cretaceous 99-94 million years ago,USA,euornithopod,2.1,Dinosauria Ornithischia,Varricchio Marin and Katsura (2007),cubicularis,https://www.nhm.ac.uk/discover/dino-directory/oryctodromeus.html,Cretaceous,5.0,North America,2
othnielia,herbivorous,Late Jurassic 154-142 million years ago,USA,euornithopod,1.4,Dinosauria Ornithischia Genasauria Cerapoda Ornithopoda Euornithopoda,Marsh (1877),rex,https://www.nhm.ac.uk/discover/dino-directory/othnielia.html,Jurassic,12.0,North America,2
ouranosaurus,herbivorous,Early Cretaceous 115-100 million years ago,Niger,euornithopod,7.0,Dinosauria Ornithischia Genasauria Cerapoda Ornithopoda Euornithopoda Iguanadontia Euiguanadontia Dryomorpha Ankylopollexia Iguanodontoidea,Taquet (1976),nigeriensis,https://www.nhm.ac.uk/discover/dino-directory/ouranosaurus.html,Cretaceous,15.0,Africa,2
oviraptor,omnivorous,Late Cretaceous 85-75 million years ago,Mongolia,small theropod,2.0,Dinosauria Saurischia Theropoda Neotheropoda Tetanurae Avetheropoda Coelurosauria Tyrannoraptora Maniraptoriformes Maniraptora Oviraptorosauria Caenagnathoidea Oviraptoridae Oviraptorinae,Osborn (1924),philoceratops,https://www.nhm.ac.uk/discover/dino-directory/oviraptor.html,Cretaceous,10.0,Asia,2
pachycephalosaurus,herbivorous,Late Cretaceous 76-65 million years ago,USA,euornithopod,8.0,Dinosauria Ornithischia Genasauria Cerapoda Marginocephalia Pachycephalosauria Goyocephala Homalocephaloidea Pachycephalosauridae,Brown and Schlaikjer (1943),wyomingensis,https://www.nhm.ac.uk/discover/dino-directory/pachycephalosaurus.html,Cretaceous,11.0,North America,2
pachyrhinosaurus,herbivorous,Late Cretaceous 76-74 million years ago,Canada,ceratopsian,6.0,Dinosauria Ornithischia Genasauria Cerapoda Marginocephalia Ceratopsia Neoceratopsia Coronosauria Ceratopsidae Centrosaurinae,Sternberg (1950),canadensis,https://www.nhm.ac.uk/discover/dino-directory/pachyrhinosaurus.html,Cretaceous,2.0,North America,4
panoplosaurus,herbivorous,Late Cretaceous 79-75 million years ago,USA,armoured dinosaur,7.0,Dinosauria Ornithischia Genasauria Thyreophora Ankylosauromorpha Ankylosauria Nodosauridae,Lambe (1919),mirus,https://www.nhm.ac.uk/discover/dino-directory/panoplosaurus.html,Cretaceous,4.0,North America,2
paralititan,herbivorous,Late Cretaceous 99-94 million years ago,Egypt,sauropod,28.0,Dinosauria Saurischia Sauropodomorpha Sauropoda Eusauropoda Neosauropoda Macronaria Camarasauromorpha Titanosauriformes Titanosauria Lithostrotia,Smith Lamanna Lacovara Dodson Smith Poole Giegengack and Attia (2001),stromeri,https://www.nhm.ac.uk/discover/dino-directory/paralititan.html,Cretaceous,5.0,Africa,4
parasaurolophus,herbivorous,Late Cretaceous 76-74 million years ago,USA,euornithopod,11.0,Dinosauria Ornithischia Genasauria Cerapoda Ornithopoda Euornithopoda Iguanadontia Euiguanadontia Dryomorpha Ankylopollexia Iguanodontoidea Hadrosauridae Euhadrosauria Lambeosaurinae,Parks (1922),walkeri,https://www.nhm.ac.uk/discover/dino-directory/parasaurolophus.html,Cretaceous,2.0,North America,2
parksosaurus,herbivorous,Late Cretaceous 76-74 million years ago,Canada,euornithopod,3.0,Dinosauria Ornithischia Genasauria Cerapoda Ornithopoda Euornithopoda,Sternberg (1937),warrenae,https://www.nhm.ac.uk/discover/dino-directory/parksosaurus.html,Cretaceous,2.0,North America,2
patagosaurus,herbivorous,Mid Jurassic 164-159 million years ago,Argentina,sauropod,18.0,Dinosauria Saurischia Sauropodomorpha Sauropoda Eusauropoda Cetiosauridae,Bonaparte (1979),fariasi,https://www.nhm.ac.uk/discover/dino-directory/patagosaurus.html,Jurassic,5.0,South America,4
pelicanimimus,carnivorous,Early Cretaceous 127-121 million years ago,Spain,small theropod,2.0,Dinosauria Saurischia Theropoda Neotheropoda Tetanurae Avetheropoda Coelurosauria Tyrannoraptora Maniraptoriformes Ornithomimosauria,Pérez-Moreno Sanz Buscalioni Moratalla Ortega and Rasskin-Gutman (1994),polyodon,https://www.nhm.ac.uk/discover/dino-directory/pelicanimimus.html,Cretaceous,6.0,Europe,2
pentaceratops,herbivorous,Late Cretaceous 76-74 million years ago,USA,ceratopsian,6.8,Dinosauria Ornithischia Genasauria Cerapoda Marginocephalia Ceratopsia Neoceratopsia Coronosauria Ceratopsidae Chasmosaurinae,Osborn (1923),sternbergi,https://www.nhm.ac.uk/discover/dino-directory/pentaceratops.html,Cretaceous,2.0,North America,4
piatnitzkysaurus,carnivorous,Late Jurassic 164-159 million years ago,Argentina,large theropod,4.2,Dinosauria Saurischia Theropoda Neotheropoda Tetanurae Spinosauroidea Megalosauridae Eustreptospondylinae,Bonaparte (1979),floresi,https://www.nhm.ac.uk/discover/dino-directory/piatnitzkysaurus.html,Jurassic,5.0,South America,2
pinacosaurus,herbivorous,Late Cretaceous 81-75 million years ago,Mongolia,armoured dinosaur,5.0,Dinosauria Ornithischia Genasauria Thyreophora Ankylosauromorpha Ankylosauria Ankylosauridae,Gilmore (1933),grangeri,https://www.nhm.ac.uk/discover/dino-directory/pinacosaurus.html,Cretaceous,6.0,Asia,2
podokesaurus,carnivorous,Mid Jurassic 195-180 million years ago,USA,small theropod,0.9,Dinosauria Saurischia Theropoda Neotheropoda Coelophysoidea,Talbot (1911),holyokensis,https://www.nhm.ac.uk/discover/dino-directory/podokesaurus.html,Jurassic,15.0,North America,2
poekilopleuron,carnivorous,Mid Jurassic 169-164 million years ago,France,large theropod,9.0,Dinosauria Saurischia Theropoda Neotheropoda Tetanurae Spinosauroidea Megalosauridae Megalosaurinae,Eudes-Deslongchamps (1838),bucklandii,https://www.nhm.ac.uk/discover/dino-directory/poekilopleuron.html,Jurassic,5.0,Europe,2
prenocephale,herbivorous,Late Cretaceous 80-65 million years ago,Mongolia,euornithopod,2.4,Dinosauria Ornithischia Genasauria Cerapoda Marginocephalia Pachycephalosauria Goyocephala Homalocephaloidea Pachycephalosauridae,Maryańska and Osmólska (1974),prenes,https://www.nhm.ac.uk/discover/dino-directory/prenocephale.html,Cretaceous,15.0,Asia,2
probactrosaurus,herbivorous,Early Cretaceous 121-99 million years ago,China,euornithopod,6.0,Dinosauria Ornithischia Genasauria Cerapoda Ornithopoda Euornithopoda Iguanadontia Euiguanadontia Dryomorpha Ankylopollexia Iguanodontoidea,Rozhdestvensky (1966),gobiensis,https://www.nhm.ac.uk/discover/dino-directory/probactrosaurus.html,Cretaceous,22.0,Asia,2
proceratosaurus,carnivorous,Mid Jurassic 169-164 million years ago,United Kingdom,small theropod,4.1,Dinosauria Saurischia Theropoda Neotheropoda Tetanurae Avetheropoda Coelurosauria,Woodward (1910),bradleyi,https://www.nhm.ac.uk/discover/dino-directory/proceratosaurus.html,Jurassic,5.0,Europe,2
procompsognathus,carnivorous,Late Triassic 221-210 million years ago,Germany,small theropod,1.0,Dinosauria Saurischia Theropoda Neotheropoda Coelophysoidea,Fraas (1913),triassicus,https://www.nhm.ac.uk/discover/dino-directory/procompsognathus.html,Triassic,11.0,Europe,2
prosaurolophus,herbivorous,Late Cretaceous 77-75 million years ago,USA,euornithopod,7.6,Dinosauria Ornithischia Genasauria Cerapoda Ornithopoda Euornithopoda Iguanadontia Euiguanadontia Dryomorpha Ankylopollexia Iguanodontoidea Hadrosauridae Euhadrosauria Hadrosaurinae,Brown (1916),maximus,https://www.nhm.ac.uk/discover/dino-directory/prosaurolophus.html,Cretaceous,2.0,North America,2
protarchaeopteryx,carnivorous,Early Cretaceous 122-120 million years ago,China,small theropod,2.0,Dinosauria Saurischia Theropoda Neotheropoda Tetanurae Avetheropoda Coelurosauria Tyrannoraptora Maniraptoriformes Maniraptora Paraves Eumaniraptora,Ji and Ji (1997),robusta,https://www.nhm.ac.uk/discover/dino-directory/protarchaeopteryx.html,Cretaceous,2.0,Asia,2
protoceratops,herbivorous,Late Cretaceous 74-70 million years ago,Mongolia,ceratopsian,1.8,Dinosauria Ornithischia Genasauria Cerapoda Marginocephalia Ceratopsia Neoceratopsia Coronosauria,Granger and Gregory (1923),andrewsi,https://www.nhm.ac.uk/discover/dino-directory/protoceratops.html,Cretaceous,4.0,Asia,4
protohadros,herbivorous,Late Cretaceous 99-94 million years ago,USA,euornithopod,6.0,Dinosauria Ornithischia Genasauria Cerapoda Ornithopoda Euornithopoda Iguanadontia Euiguanadontia Dryomorpha Ankylopollexia Iguanodontoidea,Head (1998),byrdi,https://www.nhm.ac.uk/discover/dino-directory/protohadros.html,Cretaceous,5.0,North America,2
psittacosaurus,herbivorous,Early Cretaceous 120-100 million years ago,Russia,ceratopsian,2.0,Dinosauria Ornithischia Genasauria Cerapoda Marginocephalia Ceratopsia Psittacosauridae,Osborn (1923),mongoliensis,https://www.nhm.ac.uk/discover/dino-directory/psittacosaurus.html,Cretaceous,20.0,Asia,4
quaesitosaurus,herbivorous,Late Cretaceous 86-84 million years ago,Mongolia,sauropod,23.0,Dinosauria Saurischia Sauropodomorpha Sauropoda Eusauropoda Neosauropoda Diplodocoidea Nemegtosauridae,Kurzanov and Bannikov (1983),orientalis,https://www.nhm.ac.uk/discover/dino-directory/quaesitosaurus.html,Cretaceous,2.0,Asia,4
rebbachisaurus,herbivorous,Early Cretaceous 112-99 million years ago,Morocco,sauropod,20.0,Dinosauria Saurischia Sauropodomorpha Sauropoda Eusauropoda Neosauropoda Diplodocoidea Rebbachisauridae,Lavocat (1954),garasbae,https://www.nhm.ac.uk/discover/dino-directory/rebbachisaurus.html,Cretaceous,13.0,Africa,4
rhabdodon,herbivorous,Late Cretaceous 76-70 million years ago,Spain,euornithopod,4.0,Dinosauria Ornithischia Genasauria Cerapoda Ornithopoda Euornithopoda Iguanadontia Rhabdodontidae,Matherton (1869),priscus,https://www.nhm.ac.uk/discover/dino-directory/rhabdodon.html,Cretaceous,6.0,Europe,2
rhoetosaurus,herbivorous,Mid Jurassic 177-169 million years ago,Australia,sauropod,15.0,Dinosauria Saurischia Sauropodomorpha Sauropoda,Longman (1926),brownei,https://www.nhm.ac.uk/discover/dino-directory/rhoetosaurus.html,Jurassic,8.0,Australia,4
rinchenia,omnivorous,Late Cretaceous 72-68 million years ago,Mongolia,small theropod,2.5,Dinosauria Saurischia Theropoda Neotheropoda Tetanurae Avetheropoda Coelurosauria Tyrannoraptora Maniraptoriformes Maniraptora Oviraptorosauria Caenagnathoidea Oviraptoridae Oviraptorinae,Barsbold (1986),mongoliensis,https://www.nhm.ac.uk/discover/dino-directory/rinchenia.html,Cretaceous,4.0,Asia,2
riojasaurus,herbivorous/omnivorous,Late Triassic 221-210 million years ago,Argentina,sauropod,5.15,Dinosauria Saurischia Sauropodomorpha Prosauropoda Anchisauria Melanorosauridae,Bonaparte (1969),incertus,https://www.nhm.ac.uk/discover/dino-directory/riojasaurus.html,Triassic,11.0,South America,4
saltasaurus,herbivorous,Late Cretaceous 70-65 million years ago,Argentina,sauropod,12.0,Dinosauria Saurischia Sauropodomorpha Sauropoda Eusauropoda Neosauropoda Macronaria Camarasauromorpha Titanosauriformes Titanosauria Lithostrotia Saltasauridae,Bonaparte and Powell (1980),loricatus,https://www.nhm.ac.uk/discover/dino-directory/saltasaurus.html,Cretaceous,5.0,South America,4
sarcosaurus,carnivorous,Early Jurassic 202-195 million years ago,United Kingdom,small theropod,3.0,Dinosauria Saurischia Theropoda Neotheropoda Ceratosauria,Andrews (1921),woodi,https://www.nhm.ac.uk/discover/dino-directory/sarcosaurus.html,Jurassic,7.0,Europe,2
saurolophus,herbivorous,Late Cretaceous 74-70 million years ago,Mongolia,euornithopod,9.0,Dinosauria Ornithischia Genasauria Cerapoda Ornithopoda Euornithopoda Iguanadontia Euiguanadontia Dryomorpha Ankylopollexia Iguanodontoidea Hadrosauridae Euhadrosauria Hadrosaurinae,Brown (1912),osborni,https://www.nhm.ac.uk/discover/dino-directory/saurolophus.html,Cretaceous,4.0,Asia,2
sauropelta,herbivorous,Early Cretaceous 121-94 million years ago,USA,armoured dinosaur,6.5,Dinosauria Ornithischia Genasauria Thyreophora Ankylosauromorpha Ankylosauria Nodosauridae,Ostrom (1970),edwardsorum,https://www.nhm.ac.uk/discover/dino-directory/sauropelta.html,Cretaceous,27.0,North America,2
saurophaganax,carnivorous,Late Jurassic 154-142 million years ago,USA,large theropod,12.0,Dinosauria Saurischia Theropoda Neotheropoda Tetanurae Avetheropoda Carnosauria Allosauroidea Allosauridae,Chure (1996),maximus,https://www.nhm.ac.uk/discover/dino-directory/saurophaganax.html,Jurassic,12.0,North America,2
saurornithoides,carnivorous,Late Cretaceous 85-80 million years ago,Mongolia,small theropod,3.0,Dinosauria Saurischia Theropoda Neotheropoda Tetanurae Avetheropoda Coelurosauria Tyrannoraptora Maniraptoriformes Maniraptora Paraves Eumaniraptoria Troodontidae,Osborn (1924),mongoliensis,https://www.nhm.ac.uk/discover/dino-directory/saurornithoides.html,Cretaceous,5.0,Asia,2
scelidosaurus,herbivorous,Early Jurassic 208-194 million years ago,United Kingdom,armoured dinosaur,4.0,Dinosauria Ornithischia Genasauria Thyreophora Scelidosauridae,Owen (1868),harrisonii,https://www.nhm.ac.uk/discover/dino-directory/scelidosaurus.html,Jurassic,14.0,Europe,2
scutellosaurus,herbivorous,Early Jurassic 205-202 million years ago,USA,armoured dinosaur,1.2,Dinosauria Ornithischia Genasauria Thyreophora,Colbert (1981),lawleri,https://www.nhm.ac.uk/discover/dino-directory/scutellosaurus.html,Jurassic,3.0,North America,2
secernosaurus,herbivorous,Late Cretaceous 71-65 million years ago,Argentina,euornithopod,3.0,Dinosauria Ornithischia Genasauria Cerapoda Ornithopoda Euornithopoda Iguanadontia Euiguanadontia Dryomorpha Ankylopollexia Iguanodontoidea Hadrosauridae,Brett-Surman (1979),koerneri,https://www.nhm.ac.uk/discover/dino-directory/secernosaurus.html,Cretaceous,6.0,South America,2
segisaurus,carnivorous,Mid Jurassic 195-180 million years ago,USA,small theropod,1.5,Dinosauria Saurischia Theropoda Neotheropoda Coelophysoidea Coelophysidae,Camp (1936),halli,https://www.nhm.ac.uk/discover/dino-directory/segisaurus.html,Jurassic,15.0,North America,2
segnosaurus,carnivorous,Late Cretaceous 97-88 million years ago,Mongolia,large theropod,4.0,Dinosauria Saurischia Theropoda Neotheropoda Tetanurae Avetheropoda Coelurosauria Tyrannoraptora Maniraptoriformes Maniraptora Therizinosauroidea Therizinosauridae,Perle (1979),galbinensis,https://www.nhm.ac.uk/discover/dino-directory/segnosaurus.html,Cretaceous,9.0,Asia,2
shanag,carnivorous,Early Cretaceous 126-142 million years ago,Mongolia,small theropod,0.45,Dinosauria Saurischia,Turner Hwang and Norell (2007),ashile,https://www.nhm.ac.uk/discover/dino-directory/shanag.html,Cretaceous,16.0,Asia,2
shantungosaurus,herbivorous,Late Cretaceous 78-74 million years ago,China,euornithopod,15.0,Dinosauria Ornithischia Genasauria Cerapoda Ornithopoda Euornithopoda Iguanadontia Euiguanadontia Dryomorpha Ankylopollexia Iguanodontoidea Hadrosauridae Euhadrosauria Hadrosaurinae,Hu (1973),giganteus,https://www.nhm.ac.uk/discover/dino-directory/shantungosaurus.html,Cretaceous,4.0,Asia,2
shunosaurus,herbivorous,Mid Jurassic 170-160 million years ago,China,sauropod,10.0,Dinosauria Saurischia Sauropodomorpha Sauropoda Eusauropoda,Dong Zhou and Zhang (1983),lii,https://www.nhm.ac.uk/discover/dino-directory/shunosaurus.html,Jurassic,10.0,Asia,4
shuvuuia,omnivorous,Late Cretaceous 75-81 million years ago,Mongolia,small theropod,0.6,Dinosauria Saurischia Theropoda Neotheropoda Tetanurae Avetheropoda Coelurosauria Tyrannoraptora Maniraptoriformes Maniraptora Alvarezsauridae,Chiappe Norell and Clark (1998),deserti,https://www.nhm.ac.uk/discover/dino-directory/shuvuuia.html,Cretaceous,6.0,Asia,2
silvisaurus,herbivorous,Early Cretaceous 121-112 million years ago,USA,armoured dinosaur,4.0,Dinosauria Ornithischia Genasauria Thyreophora Ankylosauromorpha Ankylosauria Nodosauridae,Eaton (1960),condrayi,https://www.nhm.ac.uk/discover/dino-directory/silvisaurus.html,Cretaceous,9.0,North America,2
sinornithosaurus,carnivorous,Early Cretaceous 122-120 million years ago,China,small theropod,2.0,Dinosauria Saurischia Theropoda Neotheropoda Tetanurae Avetheropoda Coelurosauria Tyrannoraptora Maniraptoriformes Maniraptora Paraves Eumaniraptora Dromaeosauridae,Xu Wang and Wu (1999),millenii,https://www.nhm.ac.uk/discover/dino-directory/sinornithosaurus.html,Cretaceous,2.0,Asia,2
sinosauropteryx,carnivorous,Early Cretaceous 122-120 million years ago,China,small theropod,1.0,Dinosauria Saurischia Theropoda Neotheropoda Tetanurae Avetheropoda Coelurosauria Compsognathidae,Ji and Ji (1996),prima,https://www.nhm.ac.uk/discover/dino-directory/sinosauropteryx.html,Cretaceous,2.0,Asia,2
sinovenator,carnivorous,Early Cretaceous 127-121 million years ago,China,small theropod,1.0,Dinosauria Saurischia Theropoda Neotheropoda Tetanurae Avetheropoda Coelurosauria Tyrannoraptora Maniraptoriformes Maniraptora Paraves Eumaniraptoria Troodontidae,Xu Norell Wang Makovicky and Wu (2002),changii,https://www.nhm.ac.uk/discover/dino-directory/sinovenator.html,Cretaceous,6.0,Asia,2
sinraptor,carnivorous,Mid Jurassic 169-142 million years ago,China,large theropod,7.6,Dinosauria Saurischia Theropoda Neotheropoda Tetanurae Avetheropoda Carnosauria Allosauroidea Sinraptoridae,Gao (1992),hepingensis,https://www.nhm.ac.uk/discover/dino-directory/sinraptor.html,Jurassic,27.0,Asia,2
sonidosaurus,herbivorous,Late Cretaceous 89-65 million years ago,China,sauropod,9.0,Dinosauria Saurischia Sauropodomorpha Sauropoda Eusauropoda Neosauropoda Macronaria Camarasauromorpha Titanosauriformes Titanosauria,Xu Zhang Tan Zhao and Tan (2006),saihangaobiensis,https://www.nhm.ac.uk/discover/dino-directory/sonidosaurus.html,Cretaceous,24.0,Asia,4
spinosaurus,carnivorous,Late Cretaceous 95-70 million years ago,Morocco,large theropod,18.0,Dinosauria Saurischia Theropoda Neotheropoda Tetanurae Spinosauroidea Spinosauridae Spinosaurinae,Stromer (1915),aegyptiacus,https://www.nhm.ac.uk/discover/dino-directory/spinosaurus.html,Cretaceous,25.0,Africa,2
staurikosaurus,carnivorous,Late Triassic 227-221 million years ago,Brazil,large theropod,2.0,Dinosauria Saurischia Theropoda Herrerasauridae,Colbert (1970),pricei,https://www.nhm.ac.uk/discover/dino-directory/staurikosaurus.html,Triassic,6.0,South America,2
stegoceras,herbivorous,Late Cretaceous 76-74 million years ago,USA,euornithopod,2.4,Dinosauria Ornithischia Genasauria Cerapoda Marginocephalia Pachycephalosauria Goyocephala Homalocephaloidea Pachycephalosauridae,Lambe (1902),validum,https://www.nhm.ac.uk/discover/dino-directory/stegoceras.html,Cretaceous,2.0,North America,2
stegosaurus,herbivorous,Late Jurassic 155-145 million years ago,USA,armoured dinosaur,9.0,Dinosauria Ornithischia Genasauria Thyreophora Stegosauria Stegosauridae Stegosaurinae,Marsh (1877),armatus,https://www.nhm.ac.uk/discover/dino-directory/stegosaurus.html,Jurassic,10.0,North America,2
stenopelix,herbivorous,Early Cretaceous 127-121 million years ago,Germany,ceratopsian,1.5,Dinosauria Ornithischia Genasauria Cerapoda Marginocephalia Pachycephalosauria,Meyer (1857),valdensis,https://www.nhm.ac.uk/discover/dino-directory/stenopelix.html,Cretaceous,6.0,Europe,4
struthiomimus,omnivorous,Late Cretaceous 76-74 million years ago,Canada,small theropod,4.0,Dinosauria Saurischia Theropoda Neotheropoda Tetanurae Avetheropoda Coelurosauria Tyrannoraptora Maniraptoriformes Ornithomimosauria Ornithomimidae,Osborn (1917),altus,https://www.nhm.ac.uk/discover/dino-directory/struthiomimus.html,Cretaceous,2.0,North America,2
struthiosaurus,herbivorous,Late Cretaceous 83-75 million years ago,Spain,armoured dinosaur,2.5,Dinosauria Ornithischia Genasauria Thyreophora Ankylosauromorpha Ankylosauria Nodosauridae,Bunzel (1871),austriacus,https://www.nhm.ac.uk/discover/dino-directory/struthiosaurus.html,Cretaceous,8.0,Europe,2
styracosaurus,herbivorous,Late Cretaceous 76-70 million years ago,USA,ceratopsian,5.5,Dinosauria Ornithischia Genasauria Cerapoda Marginocephalia Ceratopsia Neoceratopsia Coronosauria Ceratopsidae Centrosaurinae,Lambe (1913),albertensis,https://www.nhm.ac.uk/discover/dino-directory/styracosaurus.html,Cretaceous,6.0,North America,4
suchomimus,carnivorous,Early Cretaceous 121-112 million years ago,Niger,large theropod,11.0,Dinosauria Saurischia Theropoda Neotheropoda Tetanurae Spinosauroidea Spinosauridae Baryonychinae,Sereno Beck Dutheil Gado Larsson Lyon Marcot Rauhut Sadleir Sidor Varricchio Wilson and Wilson (1998),tenerensis,https://www.nhm.ac.uk/discover/dino-directory/suchomimus.html,Cretaceous,9.0,Africa,2
supersaurus,herbivorous,Early Cretaceous 154-142 million years ago,USA,sauropod,35.0,Dinosauria Saurischia Sauropodomorpha Sauropoda Eusauropoda Neosauropoda Diplodocoidea Diplodocidae,Jansen (1985),vivianae,https://www.nhm.ac.uk/discover/dino-directory/supersaurus.html,Cretaceous,12.0,North America,4
talarurus,herbivorous,Late Cretaceous 99-89 million years ago,Mongolia,armoured dinosaur,6.0,Dinosauria Ornithischia Genasauria Thyreophora Ankylosauromorpha Ankylosauria Ankylosauridae,Maleev (1952),plicatospineus,https://www.nhm.ac.uk/discover/dino-directory/talarurus.html,Cretaceous,10.0,Asia,2
tarbosaurus,carnivorous,Late Cretaceous 74-70 million years ago,Mongolia,large theropod,10.0,Dinosauria Saurischia Theropoda Neotheropoda Tetanurae Avetheropoda Coelurosauria Tyrannoraptora Tyrannosauroidea Tyrannosauridae Tyrannosaurinae,Maleev (1955),bataar,https://www.nhm.ac.uk/discover/dino-directory/tarbosaurus.html,Cretaceous,4.0,Asia,2
tarchia,herbivorous,Late Cretaceous 75-68 million years ago,Mongolia,armoured dinosaur,8.5,Dinosauria Ornithischia Genasauria Thyreophora Ankylosauromorpha Ankylosauria Ankylosaurinae,Maleev (1956),gigantea,https://www.nhm.ac.uk/discover/dino-directory/tarchia.html,Cretaceous,7.0,Asia,2
telmatosaurus,herbivorous,Late Cretaceous 84-65 million years ago,Spain,euornithopod,5.0,Dinosauria Ornithischia Genasauria Cerapoda Ornithopoda Euornithopoda Iguanadontia Euiguanadontia Dryomorpha Ankylopollexia Iguanodontoidea Hadrosauridae,Nopcsa (1900),transsylvanicus,https://www.nhm.ac.uk/discover/dino-directory/telmatosaurus.html,Cretaceous,19.0,Europe,2
tenontosaurus,herbivorous,Early Cretaceous 120-110 million years ago,USA,euornithopod,7.0,Dinosauria Ornithischia Genasauria Cerapoda Ornithopoda Euornithopoda Iguanadontia,Ostrom (1970),tillettorum,https://www.nhm.ac.uk/discover/dino-directory/tenontosaurus.html,Cretaceous,10.0,North America,2
thecodontosaurus,omnivorous,Late Triassic 227-205 million years ago,United Kingdom,sauropod,2.5,Dinosauria Saurischia Sauropodomorpha Prosauropoda,Morris (1843),antiquus,https://www.nhm.ac.uk/discover/dino-directory/thecodontosaurus.html,Triassic,22.0,Europe,4
thescelosaurus,herbivorous,Late Cretaceous 76-67 million years ago,USA,euornithopod,3.5,Dinosauria Ornithischia Genasauria Cerapoda Ornithopoda Euornithopoda,Gilmore (1913),neglectus,https://www.nhm.ac.uk/discover/dino-directory/thescelosaurus.html,Cretaceous,9.0,North America,2
torosaurus,herbivorous,Late Cretaceous 70-65 million years ago,USA,ceratopsian,7.5,Dinosauria Ornithischia Genasauria Cerapoda Marginocephalia Ceratopsia Neoceratopsia Coronosauria Ceratopsidae Chasmosaurinae,Marsh (1891),latus,https://www.nhm.ac.uk/discover/dino-directory/torosaurus.html,Cretaceous,5.0,North America,4
torvosaurus,carnivorous,Late Jurassic 155-144 million years ago,USA,large theropod,10.0,Dinosauria Saurischia Theropoda Neotheropoda Tetanurae Spinosauroidea Megalosauridae Megalosaurinae,Galton and Jensen (1979),tanneri,https://www.nhm.ac.uk/discover/dino-directory/torvosaurus.html,Jurassic,11.0,North America,2
triceratops,herbivorous,Late Cretaceous 68-66 million years ago,USA,ceratopsian,9.0,Dinosauria Ornithischia Genasauria Cerapoda Marginocephalia Ceratopsia Neoceratopsia Coronosauria Ceratopsidae Chasmosaurinae,Marsh (1889),horridus,https://www.nhm.ac.uk/discover/dino-directory/triceratops.html,Cretaceous,2.0,North America,4
troodon,carnivorous,Late Cretaceous 74-65 million years ago,USA,small theropod,2.0,Dinosauria Saurischia Theropoda Neotheropoda Tetanurae Avetheropoda Coelurosauria Tyrannoraptora Maniraptoriformes Maniraptora Paraves Eumaniraptoria Troodontidae,Leidy (1856),formosus,https://www.nhm.ac.uk/discover/dino-directory/troodon.html,Cretaceous,9.0,North America,2
tsintaosaurus,herbivorous,Late Cretaceous 84-71 million years ago,China,euornithopod,12.0,Dinosauria Ornithischia Genasauria Cerapoda Ornithopoda Euornithopoda Iguanadontia Euiguanadontia Dryomorpha Ankylopollexia Iguanodontoidea Hadrosauridae Euhadrosauria Lambeosaurinae,Young (1958),spinorhinus,https://www.nhm.ac.uk/discover/dino-directory/tsintaosaurus.html,Cretaceous,13.0,Asia,2
tuojiangosaurus,herbivorous,Late Jurassic 157-154 million years ago,China,armoured dinosaur,7.0,Dinosauria Ornithischia Genasauria Thyreophora Stegosauria Stegosauridae Stegosaurinae,Dong Li Zhou and Zhang (1973),multispinus,https://www.nhm.ac.uk/discover/dino-directory/tuojiangosaurus.html,Jurassic,3.0,Asia,2
tylocephale,herbivorous,Late Cretaceous 75-72 million years ago,Mongolia,euornithopod,1.4,Dinosauria Ornithischia Genasauria Cerapoda Marginocephalia Pachycephalosauria Goyocephala Homalocephaloidea Pachycephalosauridae,Maryańska and Osmólska (1974),gilmorei,https://www.nhm.ac.uk/discover/dino-directory/tylocephale.html,Cretaceous,3.0,Asia,2
tyrannosaurus,carnivorous,Late Cretaceous 68-66 million years ago,USA,large theropod,12.0,Dinosauria Saurischia Theropoda Neotheropoda Tetanurae Avetheropoda Coelurosauria Tyrannoraptora Tyrannosauroidea Tyrannosauridae Tyrannosaurinae,Osborn (1905),rex,https://www.nhm.ac.uk/discover/dino-directory/tyrannosaurus.html,Cretaceous,2.0,North America,2
unenlagia,carnivorous,Late Cretaceous 94-86 million years ago,Argentina,small theropod,2.4,Dinosauria Saurischia Theropoda Neotheropoda Tetanurae Avetheropoda Coelurosauria Tyrannoraptora Maniraptoriformes Maniraptora Paraves Eumaniraptora Dromaeosauridae,Novas and Puerta (1997),comahuensis,https://www.nhm.ac.uk/discover/dino-directory/unenlagia.html,Cretaceous,8.0,South America,2
utahraptor,carnivorous,Early Cretaceous 112-100 million years ago,USA,large theropod,6.0,Dinosauria Saurischia Theropoda Neotheropoda Tetanurae Avetheropoda Coelurosauria Tyrannoraptora Maniraptoriformes Maniraptora Paraves Eumaniraptora Dromaeosauridae,Kirkland Gaston and Burge (1993),ostrommaysorum,https://www.nhm.ac.uk/discover/dino-directory/utahraptor.html,Cretaceous,12.0,North America,2
valdosaurus,herbivorous,Early Cretaceous 142-121 million years ago,United Kingdom,euornithopod,3.0,Dinosauria Ornithischia Genasauria Cerapoda Ornithopoda Euornithopoda Iguanadontia Euiguanadontia Dryomorpha Dryosauridae,Galton (1975),canaliculatus,https://www.nhm.ac.uk/discover/dino-directory/valdosaurus.html,Cretaceous,21.0,Europe,2
velociraptor,carnivorous,Late Cretaceous 74-70 million years ago,Mongolia,small theropod,1.8,Dinosauria Saurischia Theropoda Neotheropoda Tetanurae Avetheropoda Coelurosauria Tyrannoraptora Maniraptoriformes Maniraptora Paraves Eumaniraptora Dromaeosauridae,Osborn (1924),mongoliensis,https://www.nhm.ac.uk/discover/dino-directory/velociraptor.html,Cretaceous,4.0,Asia,2
vulcanodon,herbivorous,Early Jurassic 205-202 million years ago,Zimbabwe,sauropod,6.5,Dinosauria Saurischia Sauropodomorpha Sauropoda Vulcanodontidae,Raath (1972),karibaensis,https://www.nhm.ac.uk/discover/dino-directory/vulcanodon.html,Jurassic,3.0,Africa,4
yandusaurus,herbivorous,Mid Jurassic 169-159 million years ago,China,euornithopod,3.0,Dinosauria Ornithischia Genasauria Cerapoda Ornithopoda Euornithopoda,He (1979),hongheensis,https://www.nhm.ac.uk/discover/dino-directory/yandusaurus.html,Jurassic,10.0,Asia,2
yangchuanosaurus,carnivorous,Late Jurassic 160-144 million years ago,China,large theropod,10.0,Dinosauria Saurischia Theropoda Neotheropoda Tetanurae Avetheropoda Carnosauria Allosauroidea Sinraptoridae,Dong Chang Li and Zhou (1978),shangyouensis,https://www.nhm.ac.uk/discover/dino-directory/yangchuanosaurus.html,Jurassic,16.0,Asia,2
yimenosaurus,herbivorous,Early Jurassic 195-190 million years ago,China,sauropod,9.0,Dinosauria Saurischia Sauropodomorpha Prosauropoda,Bai Yang and Wang (1990),youngi,https://www.nhm.ac.uk/discover/dino-directory/yimenosaurus.html,Jurassic,5.0,Asia,4
yinlong,herbivorous,Mid Jurassic 159-154 million years ago,China,ceratopsian,1.2,Dinosauria Ornithischia Genasauria Cerapoda Marginocephalia Ceratopsia,Xu Forster Clark and Mo (2006),downsi,https://www.nhm.ac.uk/discover/dino-directory/yinlong.html,Jurassic,5.0,Asia,4
yuanmousaurus,herbivorous,Mid Jurassic 180-159 million years ago,China,sauropod,17.0,Dinosauria Saurischia Sauropodomorpha Sauropoda Eusauropoda,Lü Li Ji Wang Zhang and Dong (2006),jiangyiensis,https://www.nhm.ac.uk/discover/dino-directory/yuanmousaurus.html,Jurassic,21.0,Asia,4
yunnanosaurus,omnivorous,Early Jurassic 205-190 million years ago,China,sauropod,7.0,Dinosauria Saurischia Sauropodomorpha Prosauropoda Plateosauria,Young (1942),huangi,https://www.nhm.ac.uk/discover/dino-directory/yunnanosaurus.html,Jurassic,15.0,Asia,4
zephyrosaurus,herbivorous,Early Cretaceous 120-110 million years ago,USA,euornithopod,1.8,Dinosauria Ornithischia Genasauria Cerapoda Ornithopoda Euornithopoda,Sues (1980),schaffi,https://www.nhm.ac.uk/discover/dino-directory/zephyrosaurus.html,Cretaceous,10.0,North America,2
